Delta,Theta,Alpha,Beta,Gamma,Attention
47.54547674,-2.915232053,-5.067157549,6.558291337,8.925239912,5.60E+01
47.5291529,-2.900417364,-5.288248092,6.707293471,8.765452209,4.00E+01
47.51210159,-2.884627644,-5.505527857,6.847518411,8.336856042,4.70E+01
47.49431357,-2.867848927,-5.718393408,6.978351655,7.64226926,4.70E+01
47.47577713,-2.850061067,-5.926053213,7.098210842,6.715426149,4.40E+01
47.45647637,-2.831233472,-6.12739308,7.203940181,5.63475667,4.40E+01
47.43639784,-2.811341704,-6.32146444,7.293347101,4.457734167,4.30E+01
47.41553226,-2.79037191,-6.507655099,7.365735958,3.217659366,4.00E+01
47.39387164,-2.768313467,-6.685428883,7.420951186,1.937638009,4.30E+01
47.37141207,-2.745166006,-6.854522454,7.460492548,0.599363754,4.70E+01
47.3481484,-2.720926113,-7.014583336,7.48534713,-0.792084157,4.80E+01
47.32406871,-2.695573496,-7.164743968,7.493922416,-2.158487166,4.40E+01
47.29916316,-2.669093087,-7.304283318,7.485420116,-3.433475755,4.70E+01
47.27342376,-2.641474593,-7.432629295,7.45970389,-4.554445204,4.80E+01
47.24684118,-2.612704512,-7.549125055,7.416060164,-5.456224981,4.70E+01
47.21940904,-2.582777137,-7.653370633,7.354828208,-6.128754814,5.70E+01
47.19111975,-2.551683935,-7.744908632,7.275763533,-6.5584367,5.70E+01
47.1619618,-2.519406922,-7.823034058,7.176992471,-6.711929097,7.00E+01
47.13192678,-2.485936142,-7.887302244,7.057745279,-6.59129286,7.40E+01
47.10101017,-2.451271394,-7.937566899,6.91867781,-6.218527151,6.70E+01
47.069208,-2.415414247,-7.973778363,6.760498434,-5.640530523,7.00E+01
47.03651927,-2.378374105,-7.996170624,6.584875504,-4.956667172,5.70E+01
47.00294183,-2.340157651,-8.004891609,6.393027582,-4.242686411,5.30E+01
46.96846791,-2.300757518,-7.999651265,6.1840352,-3.509091737,4.10E+01
46.93309009,-2.260167414,-7.98019187,5.957089378,-2.760820121,2.70E+01
46.89680071,-2.218380421,-7.946210704,5.711335004,-1.971760295,2.90E+01
46.85959128,-2.175387953,-7.897399429,5.445433865,-1.124216887,3.00E+01
46.82145674,-2.13119069,-7.833832652,5.159002283,-0.279283206,3.70E+01
46.78239049,-2.08578569,-7.755485112,4.851011665,0.523663252,3.00E+01
46.74238291,-2.039162721,-7.66212993,4.519191594,1.274164384,2.60E+01
46.70142691,-1.99131804,-7.553741444,4.162200381,1.942846017,2.00E+01
46.65951755,-1.942252851,-7.430367137,3.779719072,2.527782063,2.00E+01
46.61665135,-1.891972209,-7.292177163,3.371950177,3.016805599,3.50E+01
46.57282901,-1.840491721,-7.139676844,2.940608138,3.355287149,4.80E+01
46.52805042,-1.787824979,-6.973277697,2.487182572,3.524390688,6.30E+01
46.4823115,-1.73397583,-6.793104865,2.01158227,3.554056744,6.10E+01
46.43561007,-1.678952803,-6.599388209,1.514539758,3.482862927,5.40E+01
46.38794515,-1.622767034,-6.392363314,0.997439709,3.384569131,5.10E+01
46.3393155,-1.565429637,-6.172336742,0.461318284,3.318321078,5.70E+01
46.28972276,-1.506959733,-5.939988378,-0.092146397,3.271976845,6.90E+01
46.23916804,-1.447375587,-5.696021834,-0.661664298,3.234569908,8.00E+01
46.18765035,-1.386691007,-5.441114395,-1.247130024,3.187711533,6.70E+01
46.13517108,-1.324925895,-5.176128207,-1.847552049,3.104967686,6.90E+01
46.08173414,-1.262105678,-4.90196058,-2.460592199,3.008484534,7.70E+01
46.0273441,-1.198258031,-4.619652012,-3.083926619,2.900394213,6.60E+01
45.97200779,-1.133416822,-4.330509072,-3.71465389,2.745470374,7.00E+01
45.91573081,-1.067612664,-4.035660016,-4.349990605,2.532301758,7.40E+01
45.85851429,-1.000865219,-3.73586582,-4.988557582,2.256735858,6.90E+01
45.80035893,-0.933192919,-3.431767839,-5.628754119,1.925100706,9.00E+01
45.74126419,-0.864610305,-3.123707764,-6.268703535,1.585272232,9.00E+01
45.68122825,-0.795129307,-2.811983147,-6.907022663,1.26431019,7.70E+01
45.62025124,-0.724767554,-2.497197994,-7.542055751,0.937787553,8.10E+01
45.55833082,-0.653536444,-2.179679551,-8.17259712,0.588791329,7.00E+01
45.49546105,-0.581438511,-1.859438082,-8.798434298,0.193884036,7.70E+01
45.43163784,-0.508481128,-1.536634145,-9.418663879,-0.269342901,8.40E+01
45.36685936,-0.434676673,-1.211476176,-10.03122659,-0.777530122,7.50E+01
45.3011247,-0.360040219,-0.884277716,-10.6337585,-1.313265425,7.70E+01
45.23443654,-0.284596229,-0.555724075,-11.22293417,-1.873521235,8.40E+01
45.16679568,-0.208364205,-0.226232964,-11.79555535,-2.438018843,9.40E+01
45.09819681,-0.131348235,0.104394729,-12.34982893,-2.991331854,1.00E+02
45.02863568,-0.053555027,0.436317433,-12.88338059,-3.508025103,1.00E+02
44.95810845,0.025008092,0.769778927,-13.39324911,-3.934687212,1.00E+02
44.88661102,0.104333808,1.104956997,-13.87673956,-4.235167209,7.50E+01
44.81414386,0.184402134,1.441393363,-14.3305222,-4.403721701,8.80E+01
44.74070708,0.265193527,1.778608139,-14.75145945,-4.440467453,8.10E+01
44.66629902,0.346692123,2.11615715,-15.13723728,-4.36823319,8.80E+01
44.59092095,0.428874313,2.453282124,-15.48479426,-4.209039323,1.00E+02
44.51457579,0.511712694,2.789203865,-15.79007162,-3.953103035,8.70E+01
44.43726841,0.595174113,3.122818509,-16.0488702,-3.606683933,9.00E+01
44.35900793,0.679213705,3.452447893,-16.25634433,-3.193486985,8.00E+01
44.27980135,0.763792197,3.776718984,-16.40771936,-2.727745671,8.30E+01
44.19965,0.848884832,4.094887902,-16.49925369,-2.231240634,7.70E+01
44.11855455,0.934468601,4.406350446,-16.52696565,-1.718951357,8.00E+01
44.03651289,1.020528273,4.710990924,-16.48668116,-1.181667572,7.50E+01
43.95352336,1.107046879,5.008550721,-16.37433488,-0.626737273,6.40E+01
43.86959054,1.193989971,5.297858392,-16.18518609,-0.09057946,7.50E+01
43.78471688,1.281328557,5.578016851,-15.91464654,0.391976006,6.60E+01
43.69890204,1.369040544,5.848415838,-15.55861987,0.776928672,6.90E+01
43.61214805,1.457097827,6.108249122,-15.11344418,1.026165069,7.70E+01
43.52445624,1.545475195,6.357083833,-14.57666604,1.137194419,8.10E+01
43.43582967,1.634142936,6.59433792,-13.94667672,1.108437788,8.70E+01
43.34627635,1.723058467,6.81891161,-13.22272258,0.938905181,7.70E+01
43.25580192,1.812185845,7.030132847,-12.40506809,0.642433097,6.90E+01
43.16440739,1.901501069,7.227883996,-11.49460005,0.228895105,5.60E+01
43.07209458,1.990978593,7.41213606,-10.49364939,-0.275038925,5.70E+01
42.97886421,2.080596898,7.583270274,-9.406344148,-0.813698626,6.00E+01
42.88471766,2.170332127,7.741523852,-8.236865177,-1.34427489,5.70E+01
42.78966161,2.260145545,7.886359188,-6.988833426,-1.847126218,6.00E+01
42.69370234,2.349999316,8.017293746,-5.666189565,-2.306753812,5.40E+01
42.59684516,2.439857171,8.133817771,-4.272433572,-2.729010823,6.00E+01
42.49909742,2.529677948,8.235327277,-2.812469348,-3.109229573,6.30E+01
42.40046587,2.61942383,8.321723464,-1.294504191,-3.398629487,6.90E+01
42.30095874,2.709052729,8.392712172,0.272834324,-3.557106643,7.50E+01
42.20058765,2.798513482,8.447599804,1.880367227,-3.551963935,8.80E+01
42.0993622,2.887760356,8.486034135,3.51838069,-3.348538158,8.40E+01
41.99728854,2.976755629,8.507909804,5.178897766,-2.943801232,8.70E+01
41.89437201,3.065463856,8.513315842,6.85346739,-2.335030837,7.00E+01
41.79061509,3.153857869,8.502895868,8.532734426,-1.508624692,6.70E+01
41.68602036,3.241909333,8.477170987,10.20805401,-0.474491464,6.60E+01
41.58059427,3.329579212,8.436131986,11.87054293,0.740344842,6.00E+01
41.47434117,3.416833558,8.380000252,13.51199744,2.091920667,7.00E+01
41.36726317,3.503643263,8.309110702,15.12593349,3.502827177,5.40E+01
41.25936389,3.589975868,8.223811146,16.70366457,4.90724646,6.30E+01
41.15064672,3.675801288,8.12491226,18.23248737,6.278133706,5.70E+01
41.04111629,3.761086444,8.013190415,19.69811533,7.589328402,5.10E+01
40.9307808,3.845789606,7.889212582,21.08313925,8.8302144,6.70E+01
40.81964651,3.929874256,7.753865196,22.36978105,9.982482115,5.10E+01
40.70771551,4.013313212,7.608281229,23.54356537,10.97616062,4.80E+01
40.5949906,4.096078284,7.453732729,24.58767682,11.75140857,5.40E+01
40.4814739,4.178143932,7.291842973,25.48277743,12.26334094,4.00E+01
40.3671682,4.259481889,7.124001508,26.2129923,12.46315432,3.80E+01
40.25208091,4.340050901,6.950946502,26.76592788,12.33498855,3.80E+01
40.13621953,4.41980869,6.773285015,27.13292169,11.86622902,2.10E+01
40.0195911,4.498711964,6.591304803,27.31253608,11.0327657,2.00E+01
39.90220505,4.576711503,6.405134082,27.30362441,9.839921142,2.10E+01
39.78407119,4.653758616,6.215247525,27.10102281,8.319318672,2.40E+01
39.66520149,4.729797855,6.021701768,26.70457559,6.524844732,2.60E+01
39.54561183,4.804762728,5.82400155,26.11844993,4.55168593,2.60E+01
39.42531669,4.878590571,5.621904148,25.34657267,2.481725641,2.90E+01
39.30432714,4.951226347,5.415392406,24.39551424,0.346754783,2.40E+01
39.18265407,5.022615741,5.204587886,23.27145164,-1.822732488,3.40E+01
39.06030612,5.092711252,4.99015865,21.97679752,-4.015175306,3.00E+01
38.93729318,5.161460779,4.772412352,20.51984101,-6.208410265,2.90E+01
38.81363085,5.22879548,4.550676263,18.91854359,-8.312259764,2.40E+01
38.68933371,5.294648752,4.324383662,17.19262471,-10.24883418,1.30E+01
38.56441519,5.358955792,4.092933581,15.36598695,-11.95911262,1.30E+01
38.43889021,5.421648453,3.8557315,13.46137218,-13.37649138,1.30E+01
38.31277174,5.48266604,3.613004995,11.49116898,-14.47361505,1.70E+01
38.18607392,5.541945011,3.364952102,9.467635953,-15.22447756,2.60E+01
38.05881401,5.599414091,3.111574701,7.40234412,-15.58420655,2.10E+01
37.93100732,5.655007773,2.853333482,5.303468869,-15.54413957,2.30E+01
37.80266681,5.70866571,2.590838468,3.18255126,-15.1296644,2.10E+01
37.67380524,5.760329407,2.325080395,1.045764965,-14.39141304,2.30E+01
37.54443331,5.809947733,2.057805302,-1.109793891,-13.42990572,3.40E+01
37.41456331,5.857463942,1.790343099,-3.279556017,-12.32571861,3.40E+01
37.28421266,5.902805822,1.523064092,-5.447225089,-11.08986481,3.50E+01
37.15339927,5.945898927,1.256165119,-7.591491518,-9.728666636,4.10E+01
37.02214231,5.986662977,0.989239838,-9.678751275,-8.221748648,4.40E+01
36.8904619,6.025015856,0.721998911,-11.67737923,-6.557195589,5.00E+01
36.75837535,6.060886369,0.455324597,-13.57187344,-4.805449576,4.80E+01
36.6259019,6.094197055,0.189700505,-15.3398548,-3.016385317,4.70E+01
36.49306378,6.124861692,-0.074856564,-16.95272007,-1.209557828,2.00E+01
36.35988082,6.152803809,-0.337977657,-18.38916034,0.574488799,2.10E+01
36.22637064,6.177955922,-0.599585047,-19.62774104,2.321612962,1.30E+01
36.09254907,6.200259231,-0.859332419,-20.65498757,4.006768304,4.70E+01
35.95842742,6.219673606,-1.116050721,-21.47489564,5.560284684,4.80E+01
35.82401765,6.236158345,-1.369071661,-22.08690079,6.949339606,5.60E+01
35.68933574,6.249660178,-1.61854539,-22.47858652,8.192554015,5.00E+01
35.55439518,6.260137395,-1.864580646,-22.64434397,9.317776123,4.00E+01
35.41920766,6.267557524,-2.107636479,-22.58029132,10.38983632,3.40E+01
35.2837853,6.271887733,-2.348029121,-22.28430082,11.45430207,2.30E+01
35.14813793,6.273104453,-2.585082913,-21.76753672,12.47463459,2.10E+01
35.01227603,6.271183099,-2.818211069,-21.0401427,13.41124169,2.70E+01
34.87621281,6.266090094,-3.046931896,-20.10725848,14.21068322,3.70E+01
34.73995841,6.257805877,-3.270488225,-18.98452852,14.80872886,4.40E+01
34.60351867,6.246331352,-3.488447045,-17.69705461,15.19512653,3.50E+01
34.46689869,6.231672044,-3.700111256,-16.27540101,15.3330364,2.90E+01
34.33010108,6.213844618,-3.904201347,-14.76167394,15.1402453,2.90E+01
34.1931295,6.192863349,-4.099860998,-13.19193448,14.57149528,2.90E+01
34.05599322,6.168720433,-4.286795517,-11.58254291,13.60784007,2.90E+01
33.91870163,6.141408878,-4.464923159,-9.947049824,12.25487908,1.40E+01
33.78126481,6.110920632,-4.634803052,-8.290823608,10.58495491,1.00E+01
33.64369451,6.077241763,-4.796938331,-6.615230324,8.654636628,2.10E+01
33.50600041,6.040367954,-4.951126186,-4.933606398,6.456469725,1.70E+01
33.36819496,6.000284587,-5.097555196,-3.247522603,4.011750697,2.60E+01
33.2302951,5.956959011,-5.236769667,-1.542233198,1.356630859,3.50E+01
33.09231447,5.910375229,-5.3691417,0.184674593,-1.474436085,4.40E+01
32.95426181,5.860541492,-5.495290866,1.921610117,-4.397187408,5.10E+01
32.81614377,5.807477502,-5.615677397,3.647999275,-7.334958287,6.00E+01
32.67796132,5.751229873,-5.730221331,5.320024094,-10.24203916,4.30E+01
32.53971673,5.691841908,-5.839254343,6.901001415,-13.03283739,2.60E+01
32.40141988,5.62932493,-5.943774935,8.384156257,-15.58351631,1.60E+01
32.26307779,5.563705478,-6.044773235,9.752777217,-17.75572093,7.00E+00
32.12469504,5.495023543,-6.143491339,10.98389825,-19.3703796,1.00E+01
31.98627838,5.423309549,-6.241019398,12.06305837,-20.28481787,2.90E+01
31.84783223,5.348602849,-6.337596763,12.96621074,-20.45656834,4.40E+01
31.70936337,5.270932317,-6.433435086,13.68006813,-19.86806381,4.40E+01
31.57088456,5.190299013,-6.528702608,14.21538999,-18.55062448,6.70E+01
31.43240547,5.106718521,-6.623219174,14.57240969,-16.56744191,6.40E+01
31.29393086,5.020231493,-6.716919314,14.73547331,-13.94252881,6.60E+01
31.15546635,4.930873463,-6.809315539,14.69365582,-10.76802936,5.70E+01
31.01701583,4.838686277,-6.899210495,14.43040152,-7.225882038,5.40E+01
30.8785841,4.743710101,-6.985726446,13.93492862,-3.462400698,4.40E+01
30.74018211,4.64596006,-7.068547942,13.22137128,0.416409421,4.30E+01
30.60182012,4.545456338,-7.147469389,12.30338576,4.322813808,4.80E+01
30.46350737,4.44222818,-7.222823522,11.19321746,8.249334963,4.10E+01
30.32525561,4.336292639,-7.294669858,9.914701629,12.13246219,5.70E+01
30.18707619,4.227663942,-7.361960303,8.492442325,15.7515631,5.30E+01
30.04898236,4.116349515,-7.423855336,6.96081631,18.90248236,6.60E+01
29.91099147,4.002339325,-7.479684568,5.372176844,21.37916842,7.40E+01
29.77311771,3.885639673,-7.52860955,3.767927324,22.98674487,5.00E+01
29.63536948,3.766290582,-7.570381809,2.16745928,23.67861261,5.60E+01
29.49775334,3.644342371,-7.604614371,0.584101002,23.4187958,4.70E+01
29.36027121,3.519867885,-7.630448643,-0.98632349,22.16002487,4.80E+01
29.22292432,3.392947716,-7.64748667,-2.549041047,19.94231581,5.10E+01
29.08571864,3.263643092,-7.655735936,-4.088099614,16.83614982,5.00E+01
28.94865606,3.132038608,-7.65539905,-5.60274432,12.99748669,5.60E+01
28.81173392,2.998246955,-7.647258921,-7.109622009,8.730572472,4.70E+01
28.67495205,2.862368074,-7.631764196,-8.612072287,4.27899798,5.40E+01
28.53831124,2.72449265,-7.608350785,-10.10539698,-0.264166328,5.00E+01
28.40181425,2.584702694,-7.576358324,-11.57374884,-4.824284419,5.00E+01
28.26546983,2.443049607,-7.534772805,-12.97262759,-9.424414091,5.10E+01
28.12928336,2.299603321,-7.482521061,-14.26910662,-14.04068076,4.30E+01
27.9932518,2.154483139,-7.41936409,-15.46441847,-18.40950596,4.70E+01
27.85737349,2.007800979,-7.344689196,-16.55050762,-22.31598794,4.40E+01
27.72164639,1.859669305,-7.257340984,-17.51723526,-25.60036163,2.70E+01
27.58606873,1.710202376,-7.156592931,-18.36059527,-28.07598616,2.60E+01
27.45064633,1.559476888,-7.041850528,-19.05866293,-29.69744575,2.30E+01
27.31538461,1.407573987,-6.91282456,-19.5999884,-30.41135961,3.00E+01
27.18028701,1.25458971,-6.770076571,-19.99554411,-30.08441518,4.70E+01
27.04536145,1.100596699,-6.61387785,-20.24339011,-28.70507615,6.60E+01
26.9106177,0.945655064,-6.443691261,-20.3288523,-26.3733019,6.00E+01
26.77606896,0.789809217,-6.259260909,-20.23805785,-23.26287694,5.10E+01
26.6417352,0.6330689,-6.060370333,-19.94535729,-19.70859872,4.70E+01
26.50763373,0.475459345,-5.846814351,-19.43402678,-15.98049562,3.00E+01
26.37377468,0.317048462,-5.619091643,-18.71603467,-12.12108241,3.00E+01
26.24016787,0.157906824,-5.377589701,-17.80427985,-8.1628729,2.90E+01
26.10681953,-0.001875993,-5.122359045,-16.71590791,-4.060953797,2.60E+01
25.97373745,-0.162215747,-4.853893295,-15.47696432,0.210987737,3.70E+01
25.84093932,-0.323079008,-4.572977308,-14.10484685,4.429541393,5.40E+01
25.70844071,-0.484418961,-4.280587451,-12.62868892,8.438255247,4.70E+01
25.57625439,-0.646170447,-3.978219944,-11.09663627,12.18307327,4.30E+01
25.44439624,-0.808284505,-3.667083932,-9.544396521,15.54830073,3.00E+01
25.31287997,-0.970701514,-3.347575671,-7.990680132,18.4999828,1.40E+01
25.18172157,-1.133372779,-3.019995324,-6.446455389,20.97888473,3.40E+01
25.05094336,-1.296282843,-2.684301436,-4.900628386,22.7965558,5.30E+01
24.92056443,-1.459397841,-2.340314544,-3.344758866,23.88294508,4.80E+01
24.79059892,-1.622653938,-1.988383927,-1.794819865,24.33383986,6.00E+01
24.66106136,-1.785989144,-1.628420275,-0.252665456,24.28073674,5.00E+01
24.53196366,-1.949327427,-1.259732453,1.292889449,23.9750422,3.50E+01
24.40332027,-2.112603799,-0.882035013,2.842277082,23.61919491,5.40E+01
24.27515473,-2.275800266,-0.495399585,4.395791067,23.17525954,3.70E+01
24.14749137,-2.438900941,-0.100171916,5.943057088,22.60577845,3.00E+01
24.02035597,-2.601894221,0.302512964,7.447272996,21.84200807,2.90E+01
23.89377684,-2.7647816,0.71182835,8.884083189,20.79453197,1.70E+01
23.76777901,-2.927547873,1.127984298,10.25769833,19.55171331,2.00E+01
23.64239103,-3.090194669,1.550909659,11.56588051,18.13440427,1.30E+01
23.51764715,-3.252752862,1.980416624,12.80864077,16.43964649,1.00E+01
23.3935774,-3.415228053,2.416435188,13.98859617,14.44673837,1.40E+01
23.27020641,-3.577591892,2.858246674,15.08832049,12.1509569,3.80E+01
23.14755579,-3.739797346,3.305321497,16.09837071,9.5864779,4.30E+01
23.02563934,-3.901753269,3.757649692,17.02505866,6.934110803,5.70E+01
22.90447147,-4.063368132,4.214746921,17.86338681,4.29962625,5.10E+01
22.78407399,-4.224588068,4.675716145,18.60169181,1.612939747,5.10E+01
22.66446366,-4.385328332,5.139516052,19.22621327,-1.173041342,5.10E+01
22.54565281,-4.545475051,5.604571415,19.70996319,-4.135233671,3.40E+01
22.42765562,-4.704923531,6.069544009,20.03521766,-7.337458583,4.30E+01
22.31048389,-4.863556594,6.533937085,20.20854274,-10.66885509,4.70E+01
22.19415126,-5.021265137,6.997238934,20.23841842,-14.03234256,6.00E+01
22.07867772,-5.177974173,7.459103225,20.14091795,-17.36716533,7.70E+01
21.9640777,-5.333575243,7.919262098,19.93715869,-20.5504411,6.70E+01
21.85035591,-5.487900597,8.376831963,19.63548098,-23.48797392,5.70E+01
21.73751671,-5.640779122,8.831197451,19.25480387,-26.04018097,5.60E+01
21.62556104,-5.792019637,9.282192864,18.82938417,-27.95907784,4.70E+01
21.51449183,-5.94143904,9.729275824,18.38269343,-29.07256643,5.70E+01
21.404324,-6.088919434,10.17168243,17.9279795,-29.33298287,5.70E+01
21.29507303,-6.234343601,10.60841002,17.47099424,-28.73037172,6.10E+01
21.18675527,-6.377595045,11.0377913,16.99687383,-27.36641712,6.60E+01
21.07939182,-6.518582793,11.45833203,16.49503715,-25.34270865,5.30E+01
20.97300176,-6.657204263,11.86916663,15.97601603,-22.63198673,5.60E+01
20.86761033,-6.793389122,12.26916496,15.43952733,-19.2870529,5.30E+01
20.76325302,-6.927123013,12.65708593,14.87740831,-15.44372516,4.40E+01
20.65995932,-7.05835512,13.03172924,14.28851327,-11.2007222,4.70E+01
20.55774845,-7.186972151,13.39144282,13.66724579,-6.68930919,6.30E+01
20.45663644,-7.312840477,13.734689,13.01630606,-2.01274563,5.30E+01
20.35662921,-7.43576719,14.06027173,12.35827625,2.831964814,5.40E+01
20.25773574,-7.555573759,14.36665778,11.70514264,7.764206861,5.60E+01
20.15998173,-7.672174012,14.65199936,11.04898104,12.55362686,3.40E+01
20.06338776,-7.785449993,14.91436957,10.38535248,16.97144787,3.80E+01
19.96796985,-7.895254059,15.15151616,9.705476968,20.74232477,3.80E+01
19.8737476,-8.001469428,15.3614571,9.000713814,23.62477135,3.80E+01
19.78073363,-8.103959957,15.54298746,8.280249926,25.56596881,4.80E+01
19.68894395,-8.202620437,15.69504958,7.548541832,26.52685917,4.80E+01
19.59840455,-8.297421268,15.81689653,6.801568119,26.48449645,4.10E+01
19.50913403,-8.388300183,15.90804048,6.043783615,25.49644536,5.10E+01
19.42114144,-8.475137035,15.96773063,5.281559138,23.59890836,5.30E+01
19.33443492,-8.557827464,15.99570511,4.525149454,20.9285867,6.10E+01
19.24901577,-8.636252484,15.99237204,3.796937643,17.786327,6.60E+01
19.16488814,-8.710307498,15.95790851,3.111529081,14.39818011,4.70E+01
19.08207014,-8.77996546,15.89222447,2.466192733,10.85526378,5.10E+01
19.00057906,-8.845196007,15.79514817,1.856061868,7.219079974,4.30E+01
18.92043264,-8.905959227,15.66599462,1.267843704,3.420869667,4.80E+01
18.84165111,-8.962250948,15.50449339,0.686855672,-0.544436325,6.00E+01
18.76424722,-9.01406954,15.3114934,0.112301531,-4.418858577,6.90E+01
18.68823765,-9.061440914,15.08776927,-0.464475843,-7.996950895,4.40E+01
18.61364681,-9.104445381,14.83414457,-1.062303649,-11.11680833,4.70E+01
18.54049296,-9.143132914,14.55157871,-1.69202315,-13.59054328,4.30E+01
18.46878865,-9.177491401,14.24035369,-2.360690634,-15.39468826,5.40E+01
18.39854289,-9.2074949,13.90091711,-3.069205647,-16.48895361,4.30E+01
18.32975471,-9.233071095,13.53411578,-3.802159933,-16.74168478,3.50E+01
18.26242493,-9.25414686,13.14042171,-4.548842201,-16.14857661,5.00E+01
18.19656439,-9.27071193,12.72016202,-5.313787696,-14.8099284,3.80E+01
18.13217904,-9.282716819,12.2734496,-6.094837337,-12.89963622,4.40E+01
18.06927146,-9.290066638,11.79979817,-6.886966162,-10.76128194,5.10E+01
18.00784549,-9.292703506,11.29922201,-7.687997649,-8.665390073,4.10E+01
17.94789901,-9.290588589,10.77283906,-8.488154633,-6.64404837,5.40E+01
17.88943167,-9.283713742,10.22202665,-9.282561476,-4.717405612,5.30E+01
17.83244924,-9.272148894,9.648796852,-10.07778399,-2.82076383,5.60E+01
17.77695169,-9.25593379,9.055234187,-10.87267149,-0.904220097,5.70E+01
17.72293197,-9.235020464,8.442493974,-11.65587289,0.829378909,5.70E+01
17.67038202,-9.209386191,7.812256882,-12.41639778,2.251330516,5.40E+01
17.61928897,-9.179013083,7.166840434,-13.13766215,3.343453175,5.10E+01
17.56964255,-9.143876881,6.508088489,-13.80546394,4.024312659,4.00E+01
17.52144361,-9.104016107,5.837723053,-14.4192524,4.293116531,3.50E+01
17.4746936,-9.059451892,5.157063464,-14.9771788,4.123433555,3.70E+01
17.42939607,-9.010161323,4.466363807,-15.47628523,3.354343507,4.30E+01
17.38555809,-8.956163448,3.766233506,-15.91854397,1.947251909,6.40E+01
17.34318313,-8.89750951,3.058265022,-16.30341106,0.039416015,5.60E+01
17.30228035,-8.834264103,2.343656431,-16.63534018,-2.198212235,6.30E+01
17.26286783,-8.766539779,1.623498817,-16.92852266,-4.475892661,5.30E+01
17.22495916,-8.694428094,0.898940126,-17.1914783,-6.544091816,3.80E+01
17.18856182,-8.617949632,0.170407179,-17.42335574,-8.385993281,4.10E+01
17.15368125,-8.537126732,-0.561468782,-17.62109749,-9.974856839,2.70E+01
17.12031481,-8.451966767,-1.295514067,-17.77328833,-11.29959283,3.50E+01
17.08846391,-8.362470291,-2.031137804,-17.87051623,-12.36867279,4.40E+01
17.05814442,-8.268689698,-2.768324834,-17.9168132,-13.01994879,4.30E+01
17.02936949,-8.17065373,-3.507239555,-17.91157721,-13.14926025,4.80E+01
17.00215076,-8.068352234,-4.248637512,-17.84970979,-12.76894255,4.40E+01
16.97650113,-7.961812668,-4.992826444,-17.73034539,-11.83664087,3.50E+01
16.95242408,-7.85109175,-5.738768013,-17.54949187,-10.33609214,4.10E+01
16.92992439,-7.736272789,-6.485195193,-17.30702284,-8.245958704,4.10E+01
16.90901203,-7.617504726,-7.230329517,-17.01294141,-5.451784247,6.00E+01
16.88969041,-7.494926868,-7.971999542,-16.67226727,-1.932647197,5.60E+01
16.87195833,-7.368623539,-8.708591101,-16.28163068,2.170280375,4.30E+01
16.85581097,-7.23871192,-9.437688909,-15.83924501,6.687858816,4.70E+01
16.84123462,-7.105330567,-10.15576202,-15.34056352,11.36767533,5.40E+01
16.82822018,-6.96861152,-10.8598806,-14.78230235,15.97242914,6.90E+01
16.81677172,-6.828720273,-11.54784473,-14.1709917,20.43532444,7.80E+01
16.80689456,-6.685810643,-12.21782049,-13.51180688,24.67410973,8.80E+01
16.79859948,-6.539997778,-12.86917065,-12.80769351,28.60043241,6.10E+01
16.79189709,-6.391433591,-13.50071684,-12.06531405,32.13453181,4.30E+01
16.78678516,-6.240318717,-14.10938944,-11.29031466,35.06250605,3.70E+01
16.7832663,-6.086858693,-14.69255415,-10.49078793,37.20196049,1.60E+01
16.78134984,-5.931286918,-15.24781163,-9.680800781,38.44960665,2.60E+01
16.78103967,-5.773818272,-15.77260409,-8.870778222,38.68087378,3.70E+01
16.78233977,-5.614591528,-16.26563244,-8.064712208,37.83013464,4.40E+01
16.78525026,-5.453738037,-16.7254005,-7.265286699,35.8535668,5.00E+01
16.78976018,-5.291373633,-17.14967259,-6.470272213,32.67756984,5.10E+01
16.79586325,-5.127585124,-17.53715419,-5.67735882,28.31708782,5.40E+01
16.80356377,-4.962476142,-17.8873164,-4.890611734,22.89835641,5.40E+01
16.81286346,-4.79610682,-18.20011341,-4.110270445,16.61423521,6.40E+01
16.82376536,-4.628470888,-18.47669999,-3.332309023,9.772302137,7.70E+01
16.83627159,-4.459590003,-18.71778096,-2.555309565,2.652317742,6.00E+01
16.85037347,-4.289529614,-18.92246549,-1.777706315,-4.619076723,7.00E+01
16.86606351,-4.118365555,-19.08988474,-0.999883125,-11.91474353,4.30E+01
16.88333734,-3.946225652,-19.2187321,-0.228308759,-19.14938099,2.90E+01
16.90218558,-3.773205496,-19.30779274,0.534023783,-26.20539809,5.10E+01
16.92259819,-3.599291631,-19.35750506,1.291677851,-32.75912602,3.70E+01
16.94456217,-3.424485776,-19.36787227,2.048121995,-38.51756633,5.00E+01
16.96805736,-3.248797613,-19.33818314,2.807875878,-43.24365043,3.70E+01
16.99306772,-3.072220512,-19.26842943,3.575298122,-46.69181426,2.40E+01
17.01958605,-2.894807343,-19.15859438,4.348018958,-48.76024836,3.50E+01
17.04760662,-2.716594834,-19.00912267,5.124564455,-49.37131137,2.70E+01
17.07712932,-2.537574197,-18.82174085,5.905598839,-48.41957616,3.80E+01
17.10815454,-2.357777258,-18.5976872,6.688428991,-45.92448565,4.40E+01
17.14067483,-2.177265168,-18.33710819,7.469641188,-42.00793936,3.40E+01
17.17468774,-1.996116695,-18.04043009,8.243512015,-36.90194242,4.70E+01
17.21019685,-1.814465823,-17.70788933,8.999038828,-31.02727263,3.80E+01
17.24720172,-1.632405734,-17.34003483,9.728027192,-24.73632424,3.50E+01
17.28570049,-1.449924422,-16.93893722,10.42860799,-18.15423786,4.30E+01
17.32568833,-1.266992206,-16.506731,11.09970747,-11.38739771,4.10E+01
17.36715173,-1.083532449,-16.04552026,11.74386304,-4.433719388,4.80E+01
17.41008134,-0.899458804,-15.55802537,12.36303836,2.654287968,4.10E+01
17.45447851,-0.714766166,-15.04683108,12.95195513,9.498763752,3.40E+01
17.50034238,-0.529403951,-14.51507464,13.50785469,15.78586592,2.10E+01
17.54767238,-0.343261093,-13.96691077,14.03104669,21.28907298,8.00E+00
17.59646764,-0.156279596,-13.40579153,14.51964964,25.74274592,8.00E+00
17.64671773,0.031566158,-12.83394044,14.97349979,29.06596822,4.00E+00
17.69841304,0.220257363,-12.25312287,15.3909186,31.17382285,3.00E+00
17.75154698,0.409667012,-11.66391531,15.76528127,31.8767358,1.10E+01
17.80610742,0.599690218,-11.06683063,16.09303053,31.15669845,2.10E+01
17.86207977,0.790312694,-10.46359034,16.37566376,29.16223398,2.60E+01
17.91944572,0.981468798,-9.8549583,16.61445257,26.1508414,3.00E+01
17.97817893,1.1730636,-9.240676889,16.81279404,22.60802489,3.40E+01
18.03825622,1.365008113,-8.620964916,16.97343524,18.92612531,3.80E+01
18.0996631,1.55714963,-7.995993203,17.09343009,15.16618983,4.00E+01
18.16238529,1.74935146,-7.366296017,17.17056719,11.36999685,4.70E+01
18.22641244,1.941533384,-6.733682898,17.20355219,7.463151457,4.30E+01
18.29173283,2.133548171,-6.098997166,17.18961251,3.398770024,3.80E+01
18.3583238,2.325165927,-5.461058009,17.12797499,-0.504342898,3.80E+01
18.4261654,2.516137513,-4.818766644,17.0165785,-4.027061562,3.50E+01
18.49524139,2.706154348,-4.170615564,16.85018356,-7.101059158,3.40E+01
18.56553174,2.894941216,-3.515358039,16.62579261,-9.57130691,4.10E+01
18.63701816,3.082356957,-2.853929045,16.34319969,-11.40914871,4.00E+01
18.70967972,3.268273219,-2.18732688,16.00314236,-12.55174228,3.50E+01
18.78348802,3.452594957,-1.516485156,15.60956173,-12.75017342,3.70E+01
18.85841826,3.63526718,-0.843344139,15.16597796,-11.93502643,3.50E+01
18.93445189,3.816182823,-0.169775432,14.67218139,-10.28479259,3.50E+01
19.01156951,3.995308633,0.501254332,14.12973799,-8.037145126,4.40E+01
19.08975417,4.172722717,1.164857645,13.5417299,-5.614373121,5.60E+01
19.16898687,4.348432038,1.817204165,12.91057714,-3.367233336,4.80E+01
19.24923924,4.522346608,2.456521498,12.24047916,-1.289837541,5.70E+01
19.3304828,4.694332264,3.081540605,11.53501419,0.621049122,5.00E+01
19.4126888,4.864125932,3.692699508,10.7954223,2.415711344,4.30E+01
19.49582566,5.031507844,4.289939168,10.02494051,4.169684497,4.40E+01
19.57986446,5.19644838,4.870142615,9.229480019,5.683833564,3.00E+01
19.66477318,5.358861262,5.431124362,8.415146436,6.857112942,4.70E+01
19.7505141,5.518619326,5.971635259,7.589574729,7.769579848,4.70E+01
19.83705402,5.675640254,6.489741358,6.759580195,8.397695368,5.30E+01
19.92436606,5.829766585,6.984718211,5.928141759,8.735192467,6.30E+01
20.01242642,5.980891619,7.455279401,5.098085927,8.74028392,6.00E+01
20.10121886,6.129036043,7.89832578,4.271742996,8.184686347,5.10E+01
20.19072727,6.274145347,8.312147154,3.450142965,6.97394586,4.40E+01
20.28092859,6.416067528,8.696865882,2.635391759,5.273651096,4.80E+01
20.37180521,6.554655763,9.052811067,1.827711408,3.256096975,4.30E+01
20.46334479,6.689701863,9.381589649,1.024273215,1.186990048,6.00E+01
20.55553329,6.821035682,9.684321408,0.223723779,-0.691815157,6.90E+01
20.64835886,6.948646723,9.959549309,-0.573168579,-2.408851357,7.00E+01
20.74180834,7.072521601,10.20598945,-1.365039325,-3.969551602,6.60E+01
20.83586249,7.192653495,10.4223018,-2.1479356,-5.34893043,5.00E+01
20.93050805,7.309082078,10.60673699,-2.919237691,-6.575038593,4.80E+01
21.02574228,7.42179562,10.75903326,-3.681164791,-7.54345093,3.80E+01
21.12156305,7.53083747,10.8782451,-4.435060794,-8.210077553,3.50E+01
21.2179719,7.636350881,10.96204414,-5.181747089,-8.676721435,4.00E+01
21.31496942,7.738414242,11.00922151,-5.922467681,-8.968751078,2.00E+01
21.41254557,7.837021348,11.01952142,-6.655299063,-9.063705571,1.70E+01
21.51069076,7.93213094,10.99331333,-7.378705591,-8.926086966,3.00E+01
21.60939609,8.023593508,10.93277804,-8.092804266,-8.4085171,3.80E+01
21.70864874,8.111275857,10.83973371,-8.79552887,-7.434307848,5.00E+01
21.80843813,8.195170152,10.71419652,-9.483303026,-6.114259047,6.00E+01
21.90874898,8.275204246,10.55700786,-10.15128815,-4.549704261,4.70E+01
22.00955724,8.351249072,10.36950969,-10.79163132,-2.869402236,4.40E+01
22.11084545,8.42321972,10.15293807,-11.39803503,-1.207553377,5.00E+01
22.21260729,8.491011358,9.90981589,-11.96861517,0.450233198,5.00E+01
22.31484031,8.554563271,9.642442401,-12.50193961,2.09681243,5.70E+01
22.41755242,8.613929752,9.352197981,-12.99846999,3.677076865,6.10E+01
22.52074996,8.669103412,9.041513152,-13.45855226,5.175609971,2.00E+01
22.62442491,8.719956328,8.713871996,-13.87810822,6.528790258,2.90E+01
22.7285753,8.766381045,8.373065672,-14.25467945,7.697100628,2.90E+01
22.83320501,8.808246418,8.023894374,-14.58803043,8.722590678,4.10E+01
22.93831302,8.845432265,7.670517732,-14.8765361,9.609104558,4.00E+01
23.04390122,8.87794294,7.314984418,-15.11948553,10.31976138,4.80E+01
23.14996667,8.905769416,6.95905116,-15.31536133,10.82020798,5.40E+01
23.25649396,8.928872166,6.603744507,-15.45961832,11.03238013,4.70E+01
23.36347343,8.947272534,6.249482521,-15.5497721,10.91047224,5.40E+01
23.47090611,8.961002422,5.897570482,-15.58687532,10.50767985,3.80E+01
23.57879031,8.970138295,5.548079064,-15.57197603,9.876967683,2.40E+01
23.68712653,8.974852359,5.199325212,-15.5075796,9.083198878,2.60E+01
23.79591413,8.975273015,4.850442632,-15.39585216,8.19468479,1.40E+01
23.90514105,8.971429138,4.501491823,-15.23520887,7.203361531,2.00E+01
24.01479688,8.963341504,4.15293441,-15.02457587,6.107853424,3.40E+01
24.12487472,8.950973773,3.806865547,-14.76350882,4.925889546,2.30E+01
24.23536195,8.934305275,3.464391363,-14.45071751,3.658949488,1.00E+01
24.34624451,8.913442443,3.123635879,-14.08648876,2.342803522,4.00E+00
24.45750499,8.888454764,2.78313219,-13.67032108,0.999772971,1.00E+00
24.56911798,8.859366658,2.441479796,-13.19967406,-0.389190199,7.00E+00
24.68106416,8.826249964,2.097157025,-12.67368757,-1.820610762,2.10E+01
24.79333728,8.789161953,1.750872636,-12.09348766,-3.273278941,3.00E+01
24.90593452,8.748197391,1.403152702,-11.46103976,-4.722645169,4.80E+01
25.01886152,8.70354836,1.053710698,-10.78074091,-6.113460315,4.40E+01
25.13212626,8.655367049,0.703612522,-10.05678967,-7.410183418,4.30E+01
25.24572792,8.603728123,0.35457869,-9.29090904,-8.632443683,2.60E+01
25.35967433,8.548726187,0.009287257,-8.486195119,-9.798609894,1.60E+01
25.47398374,8.490437772,-0.327515894,-7.646892274,-10.93593037,1.60E+01
25.58866875,8.428956513,-0.652224182,-6.777017355,-12.06711686,3.00E+01
25.70373804,8.364475984,-0.964069144,-5.882154961,-13.160055,4.10E+01
25.81919624,8.297184948,-1.262710767,-4.967665426,-14.18208417,5.70E+01
25.93503515,8.227258656,-1.549345543,-4.037533271,-15.10444334,4.70E+01
26.05125332,8.154913005,-1.824973248,-3.097359762,-15.8838307,5.00E+01
26.16786801,8.080357685,-2.087460187,-2.154724464,-16.49735736,5.40E+01
26.28489294,8.003832607,-2.335805761,-1.217626336,-16.90621947,4.00E+01
26.40234164,7.925641297,-2.570427964,-0.295446973,-17.03812679,5.00E+01
26.52022795,7.846039819,-2.790727623,0.603466102,-16.84581048,7.00E+01
26.63855094,7.765198295,-2.99672834,1.474347362,-16.31335329,6.70E+01
26.75731117,7.68325808,-3.187729422,2.313071793,-15.43955442,7.50E+01
26.876515,7.600287194,-3.360738617,3.11677416,-14.264362,6.40E+01
26.99615937,7.516342789,-3.514115857,3.883821686,-12.82185107,4.00E+01
27.1162359,7.431551837,-3.648587633,4.611426235,-11.10065286,4.40E+01
27.23673009,7.345977089,-3.764700792,5.299068485,-9.11194596,4.30E+01
27.35761404,7.259609846,-3.863854918,5.949429978,-6.885325289,5.70E+01
27.47886526,7.172469282,-3.947149553,6.563912016,-4.444837553,6.60E+01
27.60047713,7.084573667,-4.013042803,7.142229899,-1.840955803,5.70E+01
27.72244353,6.995959445,-4.06029337,7.683551108,0.881828983,6.10E+01
27.84476482,6.906739226,-4.088102403,8.184387223,3.705594617,6.90E+01
27.96743929,6.816962397,-4.094876998,8.643120924,6.583762486,6.90E+01
28.09044617,6.726544788,-4.079746442,9.063652968,9.433580022,8.80E+01
28.21376943,6.635405102,-4.041181549,9.449330853,12.16524252,8.70E+01
28.33739979,6.543435771,-3.976093107,9.803490961,14.66406569,9.10E+01
28.46132123,6.450530941,-3.882544131,10.12975189,16.83256932,1.00E+02
28.58552042,6.356700587,-3.760260605,10.42771899,18.63618934,9.10E+01
28.70997936,6.261943952,-3.609533572,10.69733452,20.04937724,9.70E+01
28.83466679,6.166235042,-3.432334023,10.9399695,21.06548994,9.70E+01
28.95955765,6.069599356,-3.230574624,11.15463122,21.69801381,7.00E+01
29.08463799,5.972057988,-3.004319561,11.33932355,21.93815883,7.00E+01
29.20989216,5.873679399,-2.754742423,11.49028255,21.81374381,6.60E+01
29.33530857,5.774629615,-2.4840946,11.59995875,21.40584673,6.60E+01
29.46087153,5.67500441,-2.194138132,11.66314624,20.76896402,6.90E+01
29.5865481,5.574764637,-1.887198481,11.68014096,19.92262888,5.30E+01
29.71230443,5.473833798,-1.565190357,11.65230383,18.87221176,6.10E+01
29.83810562,5.372033039,-1.228548478,11.58423943,17.57144787,3.80E+01
29.96391115,5.269193238,-0.878841348,11.4802597,16.00051657,5.00E+01
30.08968486,5.165299172,-0.519577876,11.33873443,14.22984374,6.90E+01
30.21538434,5.060268449,-0.154225529,11.16039597,12.31286969,6.00E+01
30.34095612,4.9539466,0.213106245,10.94882475,10.29456754,7.70E+01
30.46635495,4.846244905,0.578647731,10.70552068,8.231992087,7.50E+01
30.59154753,4.737069653,0.940907518,10.43291723,6.130008632,6.90E+01
30.71650622,4.626388897,1.298416324,10.13183312,4.007437387,7.40E+01
30.84121767,4.51432286,1.649706859,9.79829927,1.923089296,6.00E+01
30.96566835,4.400938777,1.994270087,9.430875551,-0.101516359,5.00E+01
31.08983103,4.286180144,2.331351766,9.032879725,-2.074590876,4.10E+01
31.21368867,4.170039076,2.661294626,8.606916209,-4.019170721,3.50E+01
31.33723417,4.052507765,2.986349303,8.156836498,-6.005458232,3.70E+01
31.46045626,3.933587325,3.307870408,7.686043528,-8.075315599,2.30E+01
31.58334672,3.813401251,3.625577465,7.192955294,-10.18861046,2.10E+01
31.7058938,3.692055154,3.938878231,6.676665607,-12.29724646,1.10E+01
31.8280729,3.56960335,4.24572472,6.137514325,-14.32393639,1.40E+01
31.9498703,3.446180007,4.544744044,5.573921005,-16.18492582,2.10E+01
32.0712926,3.321974362,4.837533415,4.984791521,-17.86078665,3.50E+01
32.19234657,3.197214385,5.125077766,4.367747379,-19.30060711,3.80E+01
32.31304483,3.072222255,5.407821961,3.7172517,-20.40825042,3.70E+01
32.4333969,2.947260356,5.686660033,3.030155005,-21.12532518,4.80E+01
32.55338933,2.82242848,5.960908303,2.307566532,-21.41215372,5.00E+01
32.67300805,2.69779768,6.230228607,1.551826563,-21.2572503,6.60E+01
32.79223874,2.573361235,6.495555708,0.768635694,-20.7230643,7.70E+01
32.91105747,2.449078805,6.756542154,-0.035915705,-19.85234868,7.00E+01
33.02944301,2.325007233,7.011656006,-0.859344057,-18.6211789,5.60E+01
33.14736267,2.201104899,7.258824963,-1.696382013,-17.03567974,4.30E+01
33.26476394,2.077199237,7.494397953,-2.538661755,-15.11437709,2.90E+01
33.38160602,1.953200745,7.715572681,-3.379332499,-12.87299803,2.10E+01
33.49786915,1.829102094,7.922255835,-4.211556008,-10.37783978,2.90E+01
33.61353964,1.704953503,8.114563757,-5.029614537,-7.6838171,3.70E+01
33.72862294,1.58097175,8.293489984,-5.831649168,-4.80998637,4.30E+01
33.84311919,1.457305146,8.460170968,-6.613302275,-1.816448957,6.60E+01
33.95699654,1.333869801,8.613489641,-7.364728316,1.1958905,6.90E+01
34.07023329,1.210641566,8.753292707,-8.076688322,4.113398334,7.50E+01
34.18281743,1.087623311,8.880863206,-8.739208569,6.781941733,7.00E+01
34.294729,0.964781731,8.996499366,-9.342836327,9.074879664,6.30E+01
34.40595942,0.842210895,9.10044254,-9.883660639,10.95273376,6.00E+01
34.51649288,0.71995404,9.192327343,-10.35776477,12.38908414,6.10E+01
34.62629261,0.597925856,9.269817336,-10.7605978,13.38879405,7.00E+01
34.73533556,0.476139365,9.331517651,-11.09050814,13.98196047,6.40E+01
34.84361787,0.354702327,9.378176575,-11.34642159,14.16217144,6.00E+01
34.95113579,0.233741736,9.410134971,-11.52996761,13.97446118,5.60E+01
35.05789672,0.113489003,9.428016493,-11.64772703,13.53643195,5.40E+01
35.16390299,-0.005880702,9.43240743,-11.70428636,12.92808875,5.10E+01
35.26913017,-0.124387413,9.421985005,-11.69958508,12.18443991,4.80E+01
35.37355549,-0.242052937,9.395759713,-11.63314192,11.31918789,5.30E+01
35.47715664,-0.358934587,9.353473658,-11.50145166,10.27178512,3.50E+01
35.57990485,-0.475121556,9.294037627,-11.30254261,9.018843585,4.30E+01
35.68178227,-0.590587462,9.216322889,-11.04197966,7.660545317,6.70E+01
35.78276326,-0.705373351,9.11878652,-10.72389735,6.272823035,6.60E+01
35.88280658,-0.819631888,8.998673035,-10.35083271,4.920717589,8.10E+01
35.98188249,-0.9334349,8.85407605,-9.927052798,3.681927957,8.00E+01
36.07997469,-1.046792391,8.684795989,-9.453934669,2.555606534,7.80E+01
36.17707312,-1.159665546,8.490991413,-8.934134005,1.556744562,8.40E+01
36.27318609,-1.271871038,8.273905343,-8.374188736,0.750288229,6.90E+01
36.3683194,-1.383263452,8.034980816,-7.777851707,0.146077893,7.50E+01
36.46245928,-1.493848312,7.774351705,-7.145694509,-0.287385977,6.30E+01
36.55560225,-1.603568163,7.493142934,-6.477680874,-0.608053028,4.00E+01
36.64775333,-1.71233067,7.193664186,-5.770695469,-0.945810146,3.00E+01
36.73891309,-1.820069453,6.877644962,-5.023839159,-1.393449622,2.40E+01
36.82908974,-1.926640693,6.546741587,-4.243278476,-1.933446957,1.00E+01
36.91828678,-2.031938873,6.202232797,-3.435927135,-2.540361511,1.00E+00
37.00649299,-2.135959401,5.844015816,-2.610696629,-3.149084507,4.00E+00
37.09370817,-2.238623535,5.472866017,-1.77761563,-3.692518414,1.00E+00
37.17994916,-2.339760518,5.091546503,-0.942342947,-4.2032381,1.30E+01
37.26523257,-2.439197392,4.702589452,-0.113264116,-4.674719434,3.00E+01
37.3495821,-2.536702758,4.308760935,0.697128273,-5.043686802,3.70E+01
37.43301784,-2.63208052,3.912768604,1.479526011,-5.287707507,5.30E+01
37.51553843,-2.725282056,3.515547625,2.227063746,-5.381514572,5.30E+01
37.59714268,-2.81626234,3.118165483,2.935210041,-5.32560616,5.10E+01
37.67782922,-2.904992563,2.722116949,3.605587534,-5.202587106,3.00E+01
37.75758826,-2.991495587,2.327974338,4.238506789,-5.055031134,2.70E+01
37.83641333,-3.075758261,1.93609412,4.828515217,-4.839522628,2.90E+01
37.91428816,-3.157836515,1.546090317,5.373121008,-4.527736461,3.40E+01
37.99117932,-3.237899678,1.15605923,5.871664159,-4.075953038,5.10E+01
38.06706178,-3.316064174,0.764812195,6.322855916,-3.445163545,6.00E+01
38.14192495,-3.392367906,0.372814513,6.728971876,-2.679375353,6.70E+01
38.21576125,-3.466829355,-0.019285936,7.091202884,-1.810592715,6.30E+01
38.2885767,-3.539375669,-0.409856499,7.407115494,-0.845357003,5.70E+01
38.36037145,-3.609979117,-0.797592024,7.678085571,0.176627355,5.70E+01
38.43111949,-3.67878284,-1.183427879,7.910289307,1.220532633,5.30E+01
38.50080067,-3.745896053,-1.567725309,8.110802029,2.232383768,5.30E+01
38.56939983,-3.811404598,-1.950164659,8.28999534,3.106672587,5.10E+01
38.63689735,-3.875426837,-2.330930768,8.456352884,3.769553848,4.40E+01
38.70328654,-3.938001173,-2.709347713,8.610657226,4.206359135,5.00E+01
38.76855693,-3.999197885,-3.085064175,8.753043648,4.413325655,3.70E+01
38.83268568,-4.059173752,-3.45891328,8.881940837,4.427917701,4.70E+01
38.89566089,-4.118021694,-3.830776511,8.993423142,4.288866594,4.80E+01
38.95748163,-4.17577263,-4.199340205,9.086382974,3.97836261,4.30E+01
39.01815055,-4.232442623,-4.563074079,9.155618137,3.511104607,5.00E+01
39.07768292,-4.287974989,-4.919480979,9.18965192,2.938936704,4.80E+01
39.13608725,-4.34236004,-5.266554852,9.180892433,2.291666061,3.00E+01
39.19334902,-4.395734771,-5.604292108,9.12708566,1.60250524,2.70E+01
39.24945252,-4.44824723,-5.932734222,9.028295623,0.888749099,3.80E+01
39.30437594,-4.500085255,-6.252255457,8.89157986,0.116103535,4.30E+01
39.3580954,-4.551457303,-6.563497494,8.721590688,-0.719689169,6.00E+01
39.41060413,-4.602476834,-6.865799716,8.512488112,-1.559675716,6.70E+01
39.46188746,-4.653311325,-7.159145106,8.261494081,-2.353528405,5.40E+01
39.51191828,-4.704210796,-7.44461628,7.968051302,-3.04069318,5.10E+01
39.56067916,-4.75535975,-7.722574976,7.629693234,-3.563475677,3.50E+01
39.6081571,-4.806896188,-7.993042655,7.249074964,-3.923212639,2.30E+01
39.65434552,-4.858911316,-8.255656335,6.826748202,-4.114964282,4.10E+01
39.69925611,-4.911372008,-8.508736446,6.357249345,-4.118371894,4.00E+01
39.74289481,-4.964271928,-8.751141719,5.839789335,-3.941710331,4.80E+01
39.78524982,-5.017718733,-8.983255791,5.278874991,-3.597445449,5.10E+01
39.82631587,-5.071761702,-9.205081822,4.679821881,-3.119484688,3.00E+01
39.86608953,-5.126415752,-9.416610374,4.052542879,-2.588174515,3.50E+01
39.90456707,-5.181705701,-9.617921293,3.40491932,-2.060959742,2.40E+01
39.94175904,-5.237580991,-9.80797309,2.736127936,-1.5447392,3.40E+01
39.97767338,-5.294010834,-9.985991191,2.045697225,-1.040699378,4.10E+01
40.01230993,-5.351032811,-10.15186801,1.332371326,-0.519571949,4.70E+01
40.0456782,-5.408608997,-10.30488166,0.593496672,0.039985404,7.70E+01
40.07779515,-5.466610831,-10.4440072,-0.168493422,0.594806459,7.50E+01
40.10868132,-5.524889863,-10.56802386,-0.953785952,1.120734498,7.70E+01
40.13836797,-5.583230225,-10.67496394,-1.767388367,1.616092636,6.70E+01
40.16688075,-5.641447383,-10.76337182,-2.610473262,2.06295203,5.10E+01
40.19422795,-5.6994951,-10.8330559,-3.480958653,2.464813211,4.80E+01
40.22041637,-5.757332755,-10.88401011,-4.374493832,2.814399464,5.30E+01
40.24544675,-5.814945266,-10.91679596,-5.280280467,3.066796938,7.40E+01
40.26931655,-5.87235517,-10.93222317,-6.188834138,3.204548945,8.70E+01
40.29203366,-5.929526347,-10.93035983,-7.097066623,3.24858662,9.40E+01
40.31359706,-5.98649104,-10.91195021,-7.998876,3.223065505,9.40E+01
40.33399298,-6.043389729,-10.87863869,-8.886273988,3.176659665,7.40E+01
40.35321625,-6.100286683,-10.83163976,-9.752072545,3.148268401,8.10E+01
40.37126991,-6.15714523,-10.77191666,-10.58528578,3.123934147,8.70E+01
40.38816256,-6.213881147,-10.70019735,-11.37617003,3.092668608,9.40E+01
40.40391899,-6.270277694,-10.61628209,-12.11894007,3.042406892,1.00E+02
40.41855794,-6.326154823,-10.52052592,-12.80423347,2.952384891,1.00E+02
40.43207661,-6.381513516,-10.41472802,-13.41843823,2.831676357,1.00E+02
40.44447825,-6.436292686,-10.30048112,-13.94740893,2.675431484,9.40E+01
40.455769,-6.49038447,-10.17942825,-14.37400329,2.450604616,8.40E+01
40.46595242,-6.543728341,-10.05323661,-14.68356212,2.142695941,7.50E+01
40.47504525,-6.596200466,-9.922421209,-14.86968598,1.749418088,6.90E+01
40.48306038,-6.647730987,-9.787606062,-14.92728395,1.276491385,7.50E+01
40.48999978,-6.698383729,-9.649800761,-14.85382336,0.759827382,7.40E+01
40.49587539,-6.748151254,-9.50935055,-14.64979632,0.224105232,7.50E+01
40.50070809,-6.796923162,-9.366323844,-14.3135303,-0.342325964,7.80E+01
40.50452172,-6.844604735,-9.220315028,-13.84834807,-0.941655649,7.50E+01
40.50735108,-6.891054032,-9.06989684,-13.26474521,-1.574134618,7.40E+01
40.50922625,-6.936157674,-8.91410986,-12.57062127,-2.241751534,9.30E+01
40.51016,-6.979947832,-8.753193496,-11.77024306,-2.919349365,9.70E+01
40.51016557,-7.022447006,-8.587485824,-10.86699323,-3.586655444,7.40E+01
40.50925313,-7.063666185,-8.417930467,-9.858877314,-4.237903428,6.60E+01
40.50743123,-7.103670235,-8.245289766,-8.747913284,-4.852559455,5.40E+01
40.50472101,-7.142502101,-8.068827327,-7.547942141,-5.403206361,3.80E+01
40.50113822,-7.180252924,-7.888200098,-6.271710847,-5.857066488,6.70E+01
40.49668939,-7.217109296,-7.703572767,-4.931911201,-6.163184565,6.40E+01
40.49138876,-7.253190665,-7.51474742,-3.542725626,-6.283535928,5.40E+01
40.4852552,-7.28850374,-7.3220488,-2.111343747,-6.211028448,4.70E+01
40.47831236,-7.323017652,-7.125588204,-0.646566355,-5.944322639,2.90E+01
40.4705974,-7.356597325,-6.924665488,0.838492646,-5.49785575,3.80E+01
40.46214394,-7.389104704,-6.71921905,2.334950606,-4.892219161,5.30E+01
40.45297274,-7.420515395,-6.510037854,3.836138086,-4.129510182,6.90E+01
40.44310993,-7.450724582,-6.298042257,5.337715745,-3.22970433,7.40E+01
40.43258381,-7.47954195,-6.084780191,6.841757161,-2.235809636,5.60E+01
40.42142192,-7.506831337,-5.87148272,8.345434115,-1.181298324,5.40E+01
40.40966115,-7.532467184,-5.658022974,9.834396515,-0.095467181,6.10E+01
40.39733615,-7.556370023,-5.444248258,11.29194332,0.997220724,6.40E+01
40.38447474,-7.578591028,-5.229807015,12.6952754,2.094394408,7.00E+01
40.37111156,-7.59911258,-5.014152888,14.0209574,3.177617613,5.40E+01
40.3572874,-7.617752884,-4.797593188,15.25541448,4.190221276,3.80E+01
40.34304475,-7.63436041,-4.580004033,16.37988827,5.07842804,3.80E+01
40.32843275,-7.648772838,-4.360511506,17.36912796,5.784330546,4.30E+01
40.31349571,-7.660824756,-4.138741946,18.20421219,6.255261389,4.70E+01
40.29826345,-7.6704843,-3.914597208,18.86981876,6.479535153,4.80E+01
40.28276358,-7.677695823,-3.688249172,19.35630496,6.449188116,6.10E+01
40.26701838,-7.68234459,-3.460772725,19.66715327,6.156942229,7.00E+01
40.25104565,-7.684392163,-3.232899324,19.8035452,5.616898121,6.60E+01
40.23486871,-7.683835548,-3.004325605,19.7566609,4.84600098,6.10E+01
40.21850221,-7.680715,-2.775033354,19.52411876,3.884577512,6.60E+01
40.20194882,-7.675179024,-2.545052976,19.10729481,2.811917318,6.60E+01
40.18521582,-7.667323389,-2.314348922,18.50743438,1.691669546,7.40E+01
40.1683157,-7.657105311,-2.083633088,17.73375692,0.552784483,8.10E+01
40.15126277,-7.644473255,-1.853440693,16.79412672,-0.580696003,0.00E+00
40.13408121,-7.629316196,-1.623839415,15.6904174,-1.711411638,0.00E+00
40.11678803,-7.611529085,-1.395338542,14.43301108,-2.827501349,3.80E+01
40.09938024,-7.5911497,-1.168715153,13.04271037,-3.85410642,2.40E+01
40.08185671,-7.568166521,-0.944882843,11.54330561,-4.727597412,1.40E+01
40.06421578,-7.542500337,-0.72526932,9.966313246,-5.395424303,3.80E+01
40.04645355,-7.514130503,-0.510963139,8.339751802,-5.801477634,6.10E+01
40.02857848,-7.483031179,-0.302159557,6.676044167,-5.933316424,6.70E+01
40.01059621,-7.449217925,-0.09893521,4.986551175,-5.779096417,8.40E+01
39.99250515,-7.412823168,0.099002004,3.279041067,-5.31149191,6.30E+01
39.97431078,-7.373930688,0.292128787,1.557133155,-4.536561763,5.30E+01
39.95602169,-7.332518603,0.48041743,-0.16846614,-3.485426841,4.70E+01
39.93765042,-7.288591436,0.664313023,-1.895398214,-2.213718282,3.40E+01
39.91922037,-7.242137889,0.84490522,-3.634134693,-0.825106598,4.30E+01
39.90074648,-7.193159078,1.022957571,-5.385577722,0.595342575,3.80E+01
39.88222444,-7.141770637,1.198997509,-7.137838237,2.02215866,4.30E+01
39.86364581,-7.088077264,1.373370577,-8.872625519,3.433394771,4.40E+01
39.84499159,-7.032155363,1.545744476,-10.55479215,4.832569034,3.50E+01
39.82624168,-6.974131825,1.716161013,-12.15358382,6.21325288,2.60E+01
39.80739243,-6.914135558,1.885702486,-13.66071799,7.492926123,2.10E+01
39.78843136,-6.852326674,2.055276263,-15.05988235,8.606471239,3.00E+01
39.76933497,-6.78893922,2.225785821,-16.3286556,9.513430645,4.00E+01
39.75008815,-6.724157345,2.398164915,-17.45202262,10.16118865,5.40E+01
39.73067788,-6.658066281,2.572542484,-18.40975191,10.53445929,6.10E+01
39.71109812,-6.590726438,2.749131646,-19.19019117,10.61522902,5.00E+01
39.69136123,-6.522127095,2.928452613,-19.801136,10.35641113,3.00E+01
39.67147345,-6.452246207,3.110536433,-20.2427887,9.749884695,2.90E+01
39.6514241,-6.38114122,3.295165137,-20.50199797,8.830528199,3.40E+01
39.63120921,-6.308804737,3.481797067,-20.57049166,7.653960419,5.00E+01
39.61082648,-6.235153704,3.669171944,-20.43733541,6.323510157,6.10E+01
39.59027284,-6.160140919,3.856344381,-20.09524169,4.924477533,7.50E+01
39.56955805,-6.083725378,4.043231375,-19.55541818,3.468620874,6.60E+01
39.5486885,-6.005889692,4.229800555,-18.82828484,1.966178085,6.10E+01
39.52766157,-5.926703661,4.41640917,-17.9215208,0.408126512,6.90E+01
39.50648456,-5.846176491,4.603303434,-16.85270071,-1.211266864,7.40E+01
39.4851742,-5.764181013,4.789695093,-15.642745,-2.823129889,9.30E+01
39.4637504,-5.68060092,4.975069002,-14.31968456,-4.378919525,9.30E+01
39.44224339,-5.595300656,5.159281711,-12.92537131,-5.863849865,1.00E+02
39.42067592,-5.508148819,5.341904004,-11.49361187,-7.242908419,1.00E+02
39.39904834,-5.41913625,5.522800037,-10.03967779,-8.501761622,8.80E+01
39.37735734,-5.328245497,5.701662015,-8.574707136,-9.618530622,8.00E+01
39.35559098,-5.235432816,5.877577864,-7.097613508,-10.53126772,5.30E+01
39.33373108,-5.140714259,6.050053365,-5.605512766,-11.21341146,2.40E+01
39.31176923,-5.044112468,6.219204302,-4.111189405,-11.69128835,2.70E+01
39.28968382,-4.945701588,6.385189529,-2.615386,-12.00090227,5.10E+01
39.26743488,-4.845659913,6.548544316,-1.104139336,-12.21275432,4.30E+01
39.24499253,-4.744104167,6.709596204,0.42530898,-12.38300425,6.30E+01
39.22233871,-4.641022251,6.867740261,1.96708128,-12.49391928,5.60E+01
39.19946153,-4.536375446,7.022356773,3.506372695,-12.52773812,4.10E+01
39.17636913,-4.430036145,7.172727708,5.00531713,-12.45831857,6.10E+01
39.15306066,-4.321892659,7.317959641,6.434675097,-12.25191762,7.50E+01
39.12950411,-4.211991819,7.457657253,7.793259643,-11.92688546,7.50E+01
39.10567469,-4.100323748,7.591128229,9.07169999,-11.48072577,6.40E+01
39.08155138,-3.986815273,7.717150095,10.25761427,-10.87226536,5.00E+01
39.05710972,-3.871447478,7.834876294,11.34448335,-10.08708856,2.70E+01
39.03234465,-3.754173118,7.943778512,12.31269966,-9.120366081,2.10E+01
39.00724682,-3.634990922,8.043548374,13.15162461,-7.980834156,3.70E+01
38.9817932,-3.514024855,8.134539197,13.87018814,-6.724488254,5.00E+01
38.95597542,-3.39133821,8.216937412,14.46686659,-5.386448469,5.30E+01
38.92979757,-3.266883638,8.290222406,14.92830629,-3.947256011,8.00E+01
38.90327005,-3.140635049,8.354167465,15.24285034,-2.39813244,7.00E+01
38.87642116,-3.012536238,8.408717933,15.39038639,-0.725926059,7.40E+01
38.84927165,-2.882549017,8.453740656,15.35747131,1.079401641,7.40E+01
38.82181598,-2.750765669,8.489539193,15.15404807,2.975837619,5.10E+01
38.79404866,-2.617266803,8.516293231,14.79036404,4.925603388,5.10E+01
38.76595751,-2.482109598,8.533784396,14.27862703,6.904762099,6.40E+01
38.73753013,-2.345403884,8.542180506,13.63928305,8.866921467,5.40E+01
38.70877789,-2.207250385,8.542073765,12.88787119,10.76612233,7.40E+01
38.67970438,-2.067788474,8.534144177,12.04929303,12.54223899,5.30E+01
38.65030044,-1.927242527,8.519430404,11.16428077,14.10088685,2.70E+01
38.62056791,-1.785783955,8.498775161,10.26331976,15.37146671,3.00E+01
38.59051029,-1.643487101,8.47227822,9.361030723,16.32927612,2.60E+01
38.56013803,-1.500402566,8.439991631,8.465857076,16.96181935,3.50E+01
38.52948166,-1.356503922,8.401798537,7.568667844,17.29089273,4.10E+01
38.49856419,-1.211763348,8.357381282,6.661516378,17.34214357,2.40E+01
38.46738996,-1.066250316,8.306738431,5.756248282,17.10175505,1.30E+01
38.43596847,-0.919973468,8.249499066,4.85236477,16.58513223,1.00E+00
38.40430768,-0.772873808,8.184724948,3.937055728,15.84096842,1.60E+01
38.37241821,-0.624938088,8.111823408,3.007222703,14.90205351,2.70E+01
38.34033155,-0.476161258,8.030624992,2.06187545,13.80211018,3.70E+01
38.30807835,-0.326575184,7.941158558,1.109098053,12.56382096,6.30E+01
38.2756853,-0.176316397,7.844078241,0.179879159,11.16976161,4.30E+01
38.24318865,-0.025469164,7.739804972,-0.705213647,9.630464404,6.10E+01
38.21062558,0.126007451,7.627836135,-1.551408007,8.016055033,5.10E+01
38.17803973,0.278129394,7.507921879,-2.357815345,6.39223047,4.10E+01
38.14548876,0.430920673,7.379972324,-3.124416155,4.83506103,6.70E+01
38.11302015,0.584407148,7.243752879,-3.85401738,3.415377153,5.60E+01
38.0806612,0.738511633,7.099524253,-4.532367207,2.144301594,4.70E+01
38.04843304,0.893175674,6.947376708,-5.152260448,1.033822187,3.80E+01
38.01634132,1.048386926,6.786910381,-5.721027658,0.10259768,2.60E+01
37.98438881,1.20407515,6.618134604,-6.235688065,-0.659324882,2.90E+01
37.95259388,1.360143949,6.441474175,-6.686129435,-1.263066096,3.70E+01
37.92096051,1.51646556,6.25745264,-7.060562431,-1.747446409,5.30E+01
37.88947607,1.67283136,6.067026918,-7.335603313,-2.202802942,4.40E+01
37.85813504,1.829071697,5.870959585,-7.495704576,-2.69325731,6.00E+01
37.82693329,1.985119361,5.669258649,-7.547163216,-3.228779338,6.40E+01
37.79587134,2.140912719,5.461950142,-7.497615984,-3.809364854,6.10E+01
37.76496777,2.296433151,5.248948508,-7.360665075,-4.394923344,5.60E+01
37.73422737,2.451658667,5.030075848,-7.154532757,-4.95836053,3.40E+01
37.70362419,2.606463854,4.805657426,-6.886244928,-5.551846816,4.80E+01
37.67313384,2.760759981,4.575786321,-6.571958978,-6.205746816,4.40E+01
37.64272714,2.914509039,4.340148844,-6.241493585,-6.927359503,4.70E+01
37.61237658,3.067630051,4.098742234,-5.914995141,-7.738784744,5.70E+01
37.5820834,3.220044478,3.851755186,-5.603194548,-8.625817199,5.60E+01
37.5518481,3.371643948,3.599556086,-5.310270885,-9.584319077,5.10E+01
37.52166706,3.522234857,3.343053855,-5.022279628,-10.64987274,5.70E+01
37.4915505,3.671659206,3.082998957,-4.728896484,-11.82081786,3.80E+01
37.46150919,3.819837533,2.819588245,-4.438411609,-13.05175611,3.50E+01
37.43156723,3.966670806,2.553222975,-4.149533643,-14.28564712,4.10E+01
37.401774,4.112070791,2.284382573,-3.853887545,-15.42594823,3.50E+01
37.37216386,4.255942972,2.013504158,-3.549085566,-16.39124704,5.40E+01
37.34274064,4.398113152,1.741410324,-3.228476645,-17.16867146,5.30E+01
37.31350105,4.538417736,1.468822889,-2.892432854,-17.74329666,6.10E+01
37.28441897,4.676718051,1.196175405,-2.558504212,-18.10938173,6.00E+01
37.2554731,4.812839928,0.924170798,-2.234767088,-18.26594933,3.80E+01
37.22668203,4.946606143,0.653742441,-1.911847984,-18.15927046,5.00E+01
37.19805057,5.07782029,0.385885802,-1.583151517,-17.75434273,5.10E+01
37.16956876,5.206235641,0.121867062,-1.237954974,-17.05065504,5.70E+01
37.14123869,5.331641855,-0.137222027,-0.866131049,-16.03316889,9.30E+01
37.11305237,5.453901898,-0.390824216,-0.474007427,-14.699376,6.90E+01
37.08501208,5.572896885,-0.638440742,-0.064310531,-13.04650463,8.00E+01
37.05714932,5.688557559,-0.879745654,0.366709074,-11.0455218,6.90E+01
37.02947923,5.800826243,-1.114560272,0.815122873,-8.697624684,4.80E+01
37.00199014,5.909593219,-1.342477597,1.275801615,-6.052507498,1.40E+01
36.97467318,6.014796557,-1.563379924,1.739319612,-3.170874815,2.60E+01
36.94750893,6.11643111,-1.777565005,2.18466798,-0.141927822,3.70E+01
36.92048313,6.214468855,-1.985146535,2.597808682,2.947625973,4.40E+01
36.89361489,6.308878094,-2.18605016,2.979853904,6.058777477,3.50E+01
36.8669206,6.399613989,-2.380120974,3.333858117,9.144918052,4.40E+01
36.84041289,6.486574065,-2.566836011,3.670976159,12.1553348,3.40E+01
36.81411528,6.569700796,-2.745904259,4.002623426,15.03785305,2.60E+01
36.7880437,6.649035976,-2.917706311,4.326116159,17.69572291,4.00E+01
36.76222376,6.724616697,-3.08253687,4.645480824,20.03770791,3.70E+01
36.7367017,6.796495837,-3.24068748,4.973149526,21.99156255,4.00E+01
36.71150959,6.864729334,-3.39251932,5.314707087,23.48417422,4.80E+01
36.68665797,6.929295121,-3.537965833,5.674307622,24.47341951,4.10E+01
36.66215027,6.990182863,-3.677052202,6.050765514,24.93004426,2.10E+01
36.63796847,7.047408174,-3.81005148,6.428618365,24.82676009,1.70E+01
36.61409555,7.10095044,-3.936980696,6.797292426,24.16707554,8.00E+00
36.59053915,7.150787488,-4.057722657,7.159269719,22.98139159,4.00E+00
36.56729228,7.196869042,-4.172024241,7.512181979,21.33237569,2.30E+01
36.54433341,7.239080398,-4.27925888,7.852897996,19.33164859,2.90E+01
36.52164971,7.27735431,-4.379052904,8.179502085,17.07679494,4.40E+01
36.49922487,7.31171868,-4.471648779,8.481167397,14.61336311,4.10E+01
36.47705019,7.342225121,-4.557391113,8.75055756,11.98318794,3.00E+01
36.45513984,7.368990352,-4.636929384,8.988275751,9.201016662,2.90E+01
36.43349405,7.39212864,-4.71093672,9.188541788,6.302183086,1.60E+01
36.41208556,7.411655642,-4.779542232,9.339690822,3.412704439,1.70E+01
36.39089044,7.427632911,-4.843137324,9.429178197,0.647119079,2.00E+01
36.36987928,7.44017365,-4.902450679,9.438406121,-1.895326001,1.00E+01
36.3490247,7.449351181,-4.957946359,9.35240133,-4.111681727,8.00E+00
36.32832656,7.455245363,-5.010036292,9.168419164,-5.963989546,1.10E+01
36.3077823,7.457901187,-5.058922738,8.884199865,-7.419211317,1.60E+01
36.2873835,7.457270085,-5.104243299,8.499956959,-8.428383186,3.00E+01
36.26713482,7.453342204,-5.145831589,8.019537682,-8.992211284,3.00E+01
36.24704233,7.446192352,-5.184039194,7.442411504,-9.146344887,2.70E+01
36.22712269,7.435869688,-5.219027715,6.773917305,-8.968754818,2.70E+01
36.20741436,7.422429443,-5.25093241,6.028507424,-8.614147912,2.30E+01
36.18794525,7.405924429,-5.27989209,5.216085713,-8.203202514,3.00E+01
36.16872041,7.386330314,-5.305613758,4.340947001,-7.758158636,4.00E+01
36.14974213,7.363637924,-5.327893256,3.405394901,-7.289012731,3.80E+01
36.13099822,7.337873535,-5.346769496,2.40352717,-6.754503772,3.80E+01
36.1124809,7.309018223,-5.361987153,1.333391937,-6.130621613,3.70E+01
36.09421323,7.277028034,-5.373063422,0.206929606,-5.522375159,2.60E+01
36.07620976,7.241838472,-5.379401771,-0.966806406,-5.001704572,2.00E+01
36.05847514,7.203329063,-5.380076929,-2.180358075,-4.597947759,1.70E+01
36.04102253,7.161420378,-5.374375816,-3.423503419,-4.365556738,1.70E+01
36.02385595,7.116133762,-5.362190854,-4.692396429,-4.302834174,2.00E+01
36.00698568,7.067511322,-5.3435055,-5.980125576,-4.420608628,2.10E+01
35.99044114,7.015647477,-5.31855353,-7.272194042,-4.791129675,3.70E+01
35.97423974,6.960658534,-5.287707919,-8.559093267,-5.423202028,2.60E+01
35.95838156,6.902602789,-5.251016949,-9.83624297,-6.2483606,3.50E+01
35.94286661,6.841600524,-5.208876197,-11.09972017,-7.173770508,3.80E+01
35.92768482,6.777852208,-5.162157847,-12.35097514,-8.036535586,2.40E+01
35.91283169,6.711514073,-5.111449153,-13.587758,-8.702666104,3.80E+01
35.89832864,6.642703129,-5.057044836,-14.79622301,-9.162804402,3.00E+01
35.88419674,6.571506954,-4.99905539,-15.961776,-9.408755525,2.90E+01
35.87045827,6.497919388,-4.937026956,-17.06710254,-9.455985826,2.90E+01
35.85714141,6.421980087,-4.870746274,-18.09273904,-9.326072902,1.00E+01
35.84426282,6.343867584,-4.800815838,-19.02563559,-8.938257386,3.00E+01
35.83184712,6.26373124,-4.727637361,-19.8484263,-8.24820765,3.70E+01
35.81993389,6.181712016,-4.651519872,-20.53700912,-7.274707505,2.60E+01
35.80855153,6.097963966,-4.572889297,-21.0732034,-6.005499022,5.10E+01
35.79771635,6.012549877,-4.491708566,-21.44472206,-4.448751951,3.40E+01
35.787438,5.92555345,-4.40809995,-21.64377612,-2.605160148,2.90E+01
35.77770725,5.837117537,-4.322607497,-21.67344993,-0.416088194,3.40E+01
35.76851757,5.747322119,-4.23542355,-21.53591317,2.122065009,2.30E+01
35.7598814,5.656200396,-4.146417157,-21.22436802,4.920217166,3.70E+01
35.75180077,5.56375746,-4.055363322,-20.73849097,7.876054823,4.30E+01
35.74426948,5.469918158,-3.961644075,-20.08314583,10.84001631,5.40E+01
35.73728451,5.37464472,-3.864838668,-19.26185483,13.67019794,6.00E+01
35.73083333,5.278016226,-3.765205482,-18.28283323,16.32075991,6.60E+01
35.72490698,5.180114823,-3.663007811,-17.15263805,18.73405341,5.00E+01
35.71950937,5.081058341,-3.558648629,-15.87096174,20.84409293,3.80E+01
35.7146322,4.980965864,-3.452610351,-14.44500425,22.59238425,2.60E+01
35.71024981,4.879850569,-3.344910129,-12.89348307,23.85093783,4.00E+00
35.7063347,4.777763176,-3.235789781,-11.23655226,24.5084587,1.70E+01
35.70285002,4.674812116,-3.125860809,-9.499802965,24.49876175,2.90E+01
35.69976265,4.571058904,-3.015459453,-7.707035356,23.74864342,4.40E+01
35.69706146,4.466561541,-2.904770288,-5.868802075,22.22143396,5.10E+01
35.69473512,4.361348148,-2.793812407,-3.995868318,19.89976868,5.30E+01
35.69277355,4.255357872,-2.682107569,-2.098574276,16.76042607,4.80E+01
35.6911736,4.148566095,-2.569333352,-0.182911345,12.83172925,2.90E+01
35.68992516,4.041033312,-2.455676884,1.741143467,8.202821628,3.00E+01
35.68902801,3.932798801,-2.341142695,3.66980908,3.007932959,2.30E+01
35.6884991,3.823911127,-2.225674116,5.610112817,-2.548105661,2.90E+01
35.68834363,3.71440986,-2.10925624,7.56096122,-8.272118081,3.40E+01
35.68854943,3.604244894,-1.99152376,9.508649856,-14.04856864,4.40E+01
35.6890977,3.493373237,-1.872210994,11.43451727,-19.75821911,4.30E+01
35.68995034,3.381773739,-1.75132212,13.30674201,-25.30455313,4.10E+01
35.69107404,3.26938486,-1.628616265,15.09600844,-30.56223197,5.10E+01
35.69246312,3.156142136,-1.503642069,16.79103989,-35.27691215,4.40E+01
35.69410216,3.041955788,-1.375893943,18.37339588,-39.20400177,5.00E+01
35.69596757,2.926677081,-1.244619521,19.81820926,-42.11965693,5.00E+01
35.69804266,2.81020137,-1.109228451,21.10778903,-43.81317504,4.30E+01
35.70030077,2.692511291,-0.969624611,22.22260957,-44.19739239,4.80E+01
35.70272244,2.573614991,-0.825765529,23.15081878,-43.21816801,6.00E+01
35.70530761,2.453585365,-0.677766134,23.89804024,-40.83678082,5.60E+01
35.70804462,2.33250852,-0.525878411,24.46424593,-37.10224899,6.60E+01
35.71090526,2.210405931,-0.37014607,24.83707247,-32.10912397,5.70E+01
35.7138626,2.087359606,-0.210878333,25.00985801,-26.05251597,6.00E+01
35.71688135,1.963521828,-0.048766755,24.97585666,-19.28064029,5.10E+01
35.7199301,1.839016051,0.115670955,24.7304592,-12.08963978,4.30E+01
35.72299954,1.713960707,0.282099217,24.28362742,-4.629406437,3.40E+01
35.72607843,1.58845616,0.45026143,23.64419642,2.967645269,1.60E+01
35.72915365,1.462528539,0.620246105,22.81672007,10.66760014,3.70E+01
35.73221904,1.33626146,0.791934837,21.81535464,18.37191415,3.80E+01
35.73526269,1.209865956,0.964594087,20.66073337,25.71071632,4.70E+01
35.73827935,1.083546886,1.137578759,19.37901616,32.3538582,4.70E+01
35.74127745,0.957529256,1.31025806,18.00797822,38.01458707,3.00E+01
35.74425523,0.832034164,1.481939358,16.57905364,42.39789084,4.30E+01
35.74719563,0.70716873,1.652324291,15.10583203,45.40917273,4.00E+01
35.75007598,0.583046404,1.821034116,13.59898401,46.96667262,3.80E+01
35.75285789,0.459801747,1.987461897,12.06033002,46.93894152,2.30E+01
35.75550313,0.337514929,2.151245878,10.48880084,45.34492125,1.30E+01
35.75799009,0.216263837,2.312166054,8.895730508,42.30798717,1.60E+01
35.76028615,0.096076058,2.470132049,7.281640171,38.07651568,2.10E+01
35.76234771,-0.023119863,2.625402657,5.63269886,33.12762701,3.50E+01
35.76413742,-0.141333901,2.778020082,3.945911638,27.84564075,3.50E+01
35.7656163,-0.258451596,2.927473158,2.22900183,22.33654364,4.40E+01
35.76675092,-0.374329265,3.073174389,0.497789492,16.68018153,5.10E+01
35.76752443,-0.488732323,3.214280538,-1.210841256,10.81851928,4.30E+01
35.76790993,-0.601442323,3.349936382,-2.867047896,4.748869384,3.70E+01
35.76785962,-0.712396179,3.479790419,-4.467468163,-1.15531766,4.40E+01
35.76732841,-0.82147414,3.603269018,-6.000363564,-6.606911358,4.10E+01
35.7662678,-0.928494984,3.71950496,-7.449528238,-11.4330619,4.30E+01
35.76463091,-1.033331952,3.827879244,-8.805277034,-15.39883586,3.40E+01
35.76239156,-1.135832246,3.927827063,-10.04752891,-18.45238833,5.60E+01
35.75952226,-1.235891268,4.018978946,-11.16504341,-20.51919802,4.30E+01
35.7559915,-1.333531591,4.101478913,-12.16637271,-21.37111301,5.10E+01
35.75177832,-1.428717587,4.175305238,-13.05033402,-20.96836646,6.10E+01
35.74686391,-1.521304872,4.239985421,-13.80285942,-19.479723,4.30E+01
35.74123825,-1.611174011,4.295223628,-14.41264191,-17.16687331,5.10E+01
35.7349087,-1.698180066,4.340752946,-14.86176088,-14.51835609,5.40E+01
35.72787511,-1.782196605,4.37632313,-15.13780416,-11.93010379,6.40E+01
35.72011987,-1.863226547,4.402095957,-15.25029845,-9.431879835,6.40E+01
35.7116239,-1.941262337,4.418173647,-15.20851028,-7.042885028,6.40E+01
35.70235763,-2.016272411,4.424467978,-15.02177162,-4.687611365,5.30E+01
35.69229567,-2.088282173,4.4211655,-14.70823069,-2.294764209,4.10E+01
35.68143778,-2.157317303,4.408652479,-14.28381464,-0.140661691,4.00E+01
35.66977788,-2.223444142,4.387438723,-13.77295515,1.605584666,4.30E+01
35.65730308,-2.286816516,4.358349467,-13.21528373,2.950714292,4.30E+01
35.64400786,-2.347535585,4.322046247,-12.64069507,3.801329679,5.10E+01
35.62988011,-2.405598265,4.278698233,-12.06195686,4.148283787,4.00E+01
35.61491343,-2.460977808,4.228421886,-11.48620538,3.945368227,5.60E+01
35.59911713,-2.513570699,4.171137341,-10.90458084,2.947289032,5.40E+01
35.58249204,-2.563269648,4.106680588,-10.30823056,1.07899116,6.00E+01
35.56502648,-2.610067119,4.035207676,-9.706711989,-1.464225922,5.70E+01
35.54670949,-2.653890804,3.956608878,-9.097100144,-4.449252063,3.70E+01
35.52752291,-2.694593701,3.870403873,-8.463073818,-7.489653839,5.00E+01
35.50745457,-2.732082394,3.776382709,-7.798401528,-10.25018202,3.40E+01
35.48651459,-2.766284554,3.674597415,-7.10094481,-12.73067245,4.80E+01
35.46471448,-2.797170782,3.56528845,-6.377419708,-14.91576403,5.70E+01
35.44206881,-2.824828861,3.449208713,-5.657411989,-16.79955229,4.40E+01
35.41859811,-2.849294052,3.326937318,-4.96041923,-18.41512739,5.70E+01
35.39431433,-2.870462532,3.19840465,-4.279051708,-19.57249857,5.00E+01
35.36923765,-2.888263556,3.063742545,-3.612528016,-20.16502499,5.10E+01
35.34340201,-2.902626186,2.923188325,-2.96024687,-20.25893792,4.80E+01
35.31683159,-2.913472438,2.77686788,-2.318309547,-19.83192813,2.60E+01
35.28953905,-2.920829332,2.62524553,-1.699773819,-18.86322016,3.70E+01
35.26153055,-2.924699681,2.468627297,-1.110649238,-17.31520437,2.70E+01
35.23279468,-2.925025697,2.306919663,-0.541717414,-15.00388126,4.70E+01
35.20332218,-2.921814164,2.140309276,0.005322854,-11.86332803,5.40E+01
35.17312143,-2.915111888,1.969286042,0.520336125,-8.06458916,6.00E+01
35.14219027,-2.904993155,1.79436146,0.991432027,-3.79402904,5.30E+01
35.11051753,-2.891614228,1.616307211,1.394742879,0.677093467,4.10E+01
35.07809634,-2.875092966,1.435766537,1.714078199,5.090091468,5.10E+01
35.04491363,-2.855433938,1.252860572,1.95592524,9.41491982,2.90E+01
35.01096073,-2.832639557,1.067732988,2.12779489,13.59750569,2.90E+01
34.97624329,-2.806676305,0.880491416,2.242700775,17.55319156,2.10E+01
34.94075501,-2.777506952,0.691124301,2.318304823,21.23083527,2.60E+01
34.90446976,-2.745192531,0.499854972,2.360462504,24.44552874,3.70E+01
34.86736084,-2.70975491,0.306734544,2.384087257,27.05542654,3.80E+01
34.82939385,-2.671156975,0.11150218,2.418027258,29.03446344,5.10E+01
34.79053925,-2.629413907,-0.085853292,2.481132693,30.30961938,4.10E+01
34.7507934,-2.584560427,-0.285053663,2.582685212,30.81609649,4.40E+01
34.7101541,-2.536667479,-0.485665118,2.725348312,30.50010914,3.80E+01
34.66862151,-2.485903334,-0.686839401,2.893357945,29.24508537,3.70E+01
34.62620592,-2.432407717,-0.887767836,3.074654944,27.01830937,4.30E+01
34.58291299,-2.376233409,-1.088044722,3.276072027,23.93942736,4.10E+01
34.53876167,-2.317467916,-1.287017089,3.494857811,20.16638613,3.70E+01
34.49379278,-2.256207238,-1.483821814,3.721304593,15.93865822,2.70E+01
34.44803492,-2.192546148,-1.677710419,3.951292155,11.48078102,1.60E+01
34.40149614,-2.126650921,-1.867819798,4.175467625,6.856555558,1.70E+01
34.3541782,-2.058672955,-2.05340879,4.39114038,2.137369423,1.40E+01
34.30606199,-1.988720938,-2.234095163,4.612269821,-2.612666333,3.00E+01
34.25713542,-1.916950728,-2.409251675,4.843102991,-7.325968284,2.90E+01
34.20742165,-1.843554197,-2.577816492,5.070915484,-11.78323145,5.60E+01
34.15693371,-1.768738029,-2.738759998,5.285221718,-15.79571231,7.00E+01
34.10567587,-1.692758786,-2.890930032,5.470740769,-19.24563093,7.40E+01
34.05365969,-1.61583876,-3.033260401,5.613414052,-21.99012057,7.80E+01
34.00088156,-1.538103747,-3.165213688,5.716378254,-23.95470316,5.70E+01
33.9473447,-1.45966432,-3.286264013,5.779796369,-25.07693289,5.00E+01
33.89307279,-1.380591574,-3.395881728,5.798689602,-25.25131319,5.00E+01
33.83807404,-1.300929995,-3.49378342,5.775724115,-24.46319837,5.70E+01
33.78233775,-1.220767344,-3.579676723,5.713767479,-22.8073388,8.30E+01
33.72585082,-1.14013357,-3.653532517,5.62088721,-20.44209947,8.40E+01
33.66858535,-1.058979484,-3.715776203,5.517529165,-17.64435785,7.50E+01
33.61051989,-0.977289378,-3.766651739,5.416980143,-14.64821306,5.40E+01
33.55166249,-0.895080441,-3.806031337,5.317810113,-11.50807011,3.40E+01
33.49201993,-0.812385356,-3.833744337,5.216445864,-8.267996748,3.50E+01
33.43160104,-0.729307491,-3.849325454,5.100301139,-4.913551217,2.60E+01
33.37041941,-0.64590213,-3.852473778,4.957594511,-1.450512885,2.10E+01
33.30847159,-0.562091448,-3.8435806,4.79246389,1.906539561,1.60E+01
33.24576265,-0.477811697,-3.822918345,4.60255379,4.992865469,1.00E+00
33.18231374,-0.392996112,-3.79064635,4.377822117,7.722528906,1.00E+00
33.11813378,-0.307565291,-3.74708998,4.114643086,9.968615481,1.30E+01
33.05322184,-0.221527036,-3.692317373,3.808489178,11.69202312,2.40E+01
32.9875702,-0.134871513,-3.626537887,3.459943171,12.84288032,3.70E+01
32.9211507,-0.047542432,-3.55033448,3.08348983,13.2811705,4.10E+01
32.85394005,0.040466534,-3.464059096,2.687844672,12.97534256,2.70E+01
32.78593614,0.129139514,-3.367806954,2.269212806,12.02867494,3.00E+01
32.71712795,0.218431649,-3.261644796,1.827320176,10.59597064,3.70E+01
32.64749956,0.308221801,-3.145386946,1.36056484,8.957732442,2.60E+01
32.57703698,0.398443594,-3.019064235,0.867448791,7.343233704,5.00E+01
32.50571233,0.4891577,-2.88334948,0.357529704,5.763289033,6.10E+01
32.43350125,0.580449585,-2.738998345,-0.16232034,4.221950888,7.00E+01
32.36039085,0.67247351,-2.586958328,-0.690854382,2.672443184,9.10E+01
32.28635699,0.765388282,-2.42830489,-1.221126123,1.066181926,8.00E+01
32.2113641,0.859238862,-2.263767704,-1.743900449,-0.44683095,6.00E+01
32.13537407,0.954127094,-2.094340855,-2.247920153,-1.780597,6.60E+01
32.05833821,1.050225533,-1.921407082,-2.714896028,-2.956534679,7.00E+01
31.98021488,1.147646695,-1.746062908,-3.130722265,-3.932436363,9.40E+01
31.90098565,1.246484471,-1.569147779,-3.491623861,-4.702212151,1.00E+02
31.82063495,1.34678178,-1.39128742,-3.794833558,-5.233950728,9.10E+01
31.73915448,1.448452976,-1.212545435,-4.041950279,-5.371835073,8.70E+01
31.65654295,1.551449485,-1.033090435,-4.236368977,-5.056112423,7.50E+01
31.57279023,1.655832943,-0.853624846,-4.375011738,-4.391581022,8.00E+01
31.48789926,1.761614796,-0.674554754,-4.460116672,-3.496562062,7.40E+01
31.40189187,1.868789896,-0.496075628,-4.501139723,-2.568283488,6.30E+01
31.31478149,1.977354665,-0.318477743,-4.503576144,-1.776599218,6.40E+01
31.22657171,2.087215886,-0.141792701,-4.470350086,-1.09559516,6.40E+01
31.13726231,2.198299039,0.033823104,-4.402132274,-0.508978517,7.00E+01
31.04683644,2.310587228,0.2078222,-4.291590809,-0.002871207,6.70E+01
30.9552875,2.423991178,0.380017006,-4.135556504,0.468200995,7.50E+01
30.86264008,2.538351254,0.550749274,-3.942443169,0.837663599,6.40E+01
30.76891455,2.653481723,0.720410811,-3.718527698,1.088530578,6.40E+01
30.67413043,2.769122839,0.889664311,-3.470006645,1.309019573,5.60E+01
30.5783096,2.885060144,1.058992047,-3.204270267,1.527031669,4.80E+01
30.48145259,3.001226358,1.228085628,-2.92121829,1.741056421,7.50E+01
30.38356289,3.117573587,1.396564754,-2.622796766,1.930871567,7.70E+01
30.28465397,3.23410571,1.563907338,-2.31597385,1.979103299,8.10E+01
30.18472612,3.350864556,1.729306903,-2.003121722,1.822608748,6.90E+01
30.08377258,3.467821435,1.892159097,-1.683783914,1.538732541,5.70E+01
29.98177831,3.585031659,2.051432096,-1.355679901,1.190982873,4.80E+01
29.8787087,3.702670062,2.205427628,-1.01050671,0.861035159,4.80E+01
29.7745407,3.820836899,2.352823599,-0.643502676,0.632542891,6.00E+01
29.66928043,3.939544124,2.492878167,-0.259471333,0.473598143,5.10E+01
29.56293835,4.058755644,2.625057324,0.13597522,0.369322305,5.60E+01
29.45553972,4.178293258,2.749499765,0.533660548,0.344104191,5.10E+01
29.34710912,4.298032971,2.866099162,0.92379129,0.384473656,5.10E+01
29.23764184,4.418056695,2.973652489,1.304326348,0.500220083,5.60E+01
29.1271449,4.53839016,3.071258768,1.669599853,0.679932318,6.60E+01
29.01564039,4.659025711,3.158255692,2.008812739,0.845176659,7.80E+01
28.90313872,4.779991981,3.23380133,2.315141523,0.95210487,7.50E+01
28.78965224,4.901213513,3.297617967,2.582991132,1.008939116,8.00E+01
28.67518446,5.022659811,3.349252074,2.809575765,1.02736768,6.70E+01
28.55971366,5.144418703,3.387683104,3.00001187,1.060208207,6.60E+01
28.44322954,5.266490242,3.412402794,3.156774381,1.145515169,7.00E+01
28.32574595,5.388780942,3.423458166,3.274894419,1.243329235,6.60E+01
28.20727123,5.511183601,3.421045138,3.35212755,1.330161996,7.50E+01
28.0878175,5.633502744,3.405906913,3.386763829,1.396255242,6.90E+01
27.9673949,5.755588271,3.37857247,3.376897835,1.418275917,5.40E+01
27.84598913,5.87746238,3.338651057,3.326543948,1.411291052,4.10E+01
27.723589,5.999145466,3.285790655,3.23841683,1.378902222,2.90E+01
27.60019064,6.120680901,3.219521916,3.11164989,1.288594749,1.10E+01
27.47577891,6.242142743,3.139299247,2.949387681,1.130850597,2.60E+01
27.35033726,6.363509235,3.04525849,2.75790617,0.911697485,3.80E+01
27.22384248,6.484815461,2.937281077,2.544864621,0.638963402,3.40E+01
27.09625504,6.606195023,2.814779943,2.322298098,0.345534599,4.80E+01
26.96754583,6.727709369,2.677570933,2.099869158,0.054763868,2.00E+01
26.83770749,6.849358541,2.525689194,1.879882001,-0.24367295,1.00E+01
26.70673718,6.971100133,2.359412104,1.664025739,-0.555144854,1.70E+01
26.57464614,7.092766382,2.179704446,1.451530716,-0.887169048,1.30E+01
26.44144764,7.214218964,1.987345793,1.240112241,-1.249382511,2.90E+01
26.30713693,7.335450563,1.782469795,1.031637993,-1.626779229,2.40E+01
26.17172222,7.456396163,1.565463477,0.824207542,-2.010238322,2.00E+01
26.03522726,7.576955072,1.336796032,0.610484016,-2.403582447,2.40E+01
25.89766617,7.69704983,1.09696419,0.386719945,-2.801218409,3.00E+01
25.75904916,7.816537619,0.847056693,0.152789859,-3.198977439,6.30E+01
25.61937935,7.935307759,0.58811096,-0.089148129,-3.589355832,8.00E+01
25.47863862,8.05333834,0.320923823,-0.330205154,-3.95003619,8.30E+01
25.3368195,8.170540771,0.046660607,-0.563974207,-4.264189872,7.50E+01
25.19394201,8.286740245,-0.233279601,-0.793114869,-4.526079262,6.70E+01
25.0500207,8.401759811,-0.517327681,-1.017703417,-4.726498189,6.00E+01
24.90507077,8.515371469,-0.803485544,-1.23646531,-4.858367567,8.10E+01
24.75910867,8.62737648,-1.09002727,-1.449896844,-4.916669692,1.00E+02
24.61212993,8.737706638,-1.375946523,-1.654174379,-4.890353367,1.00E+02
24.46413424,8.84629589,-1.660374582,-1.847815376,-4.773651178,1.00E+02
24.31513193,8.953090105,-1.942811036,-2.035011411,-4.56927492,9.30E+01
24.16512092,9.058081365,-2.222907498,-2.216362298,-4.278886689,6.90E+01
24.01409241,9.16123087,-2.499886772,-2.388497508,-3.905322859,4.80E+01
23.86203135,9.262560601,-2.773422633,-2.548004272,-3.455477221,4.70E+01
23.70890575,9.362193607,-3.043777168,-2.688199081,-2.937132309,5.00E+01
23.55469185,9.46020451,-3.310928263,-2.80431654,-2.358772243,4.40E+01
23.39938846,9.556594524,-3.574634963,-2.898867222,-1.729479143,4.40E+01
23.24299551,9.651346668,-3.834492677,-2.974248712,-1.056915085,4.10E+01
23.08552169,9.744361572,-4.089482507,-3.033498357,-0.345968714,2.70E+01
22.92697531,9.835578976,-4.338976381,-3.081507236,0.394595001,3.50E+01
22.76734285,9.925091829,-4.583389691,-3.120266227,1.148263183,5.00E+01
22.60661864,10.01296146,-4.823016787,-3.154293167,1.89805508,4.40E+01
22.44480823,10.09922635,-5.058195893,-3.192542311,2.625386406,3.80E+01
22.28190823,10.18395241,-5.289251967,-3.240987588,3.312661721,3.50E+01
22.11791599,10.26713084,-5.515620746,-3.30216902,3.950580777,2.40E+01
21.95282297,10.34877898,-5.736773824,-3.37695663,4.530416044,3.50E+01
21.78660297,10.42898936,-5.952395423,-3.461151055,5.043661939,6.30E+01
21.61923767,10.50779459,-6.161678043,-3.551448836,5.486420062,6.00E+01
21.45072581,10.58516983,-6.363658104,-3.650188773,5.855638612,6.40E+01
21.28106248,10.66107354,-6.556968976,-3.756897679,6.153763056,4.70E+01
21.11024561,10.73539509,-6.739439768,-3.868809802,6.392234745,2.90E+01
20.93827175,10.80806544,-6.909334233,-3.984951028,6.577152008,2.90E+01
20.76512012,10.87914786,-7.065920528,-4.103058176,6.703288923,2.70E+01
20.59077214,10.94871462,-7.208640289,-4.22277993,6.762443403,5.30E+01
20.41521414,11.01687431,-7.337561449,-4.348707563,6.737695577,5.00E+01
20.23842528,11.08375124,-7.452625892,-4.48265778,6.614337054,6.30E+01
20.06038515,11.1493782,-7.552543211,-4.621400125,6.393408459,6.60E+01
19.88106918,11.21383572,-7.636436177,-4.762459525,6.070858825,4.70E+01
19.70044196,11.27727748,-7.703913095,-4.902100816,5.63723682,5.60E+01
19.51847583,11.33979933,-7.754261361,-5.036685016,5.090013346,4.70E+01
19.33515779,11.40146194,-7.787160586,-5.167190701,4.426383432,6.10E+01
19.15047862,11.46228559,-7.802067417,-5.293481141,3.650264794,6.40E+01
18.96443979,11.52218062,-7.797660843,-5.413486734,2.78064526,7.70E+01
18.7770445,11.58108514,-7.773191293,-5.52720226,1.832270305,8.00E+01
18.58828444,11.63903991,-7.728760317,-5.634811949,0.809544679,6.60E+01
18.3981608,11.69603869,-7.664520269,-5.737583041,-0.278089551,8.00E+01
18.20668573,11.7520523,-7.581096619,-5.839920422,-1.420978542,6.70E+01
18.01386684,11.80705762,-7.478968727,-5.944230355,-2.606368695,7.50E+01
17.81971204,11.86095765,-7.357580661,-6.048714604,-3.806914907,9.10E+01
17.62422641,11.91367212,-7.216485041,-6.150994128,-4.994803306,7.80E+01
17.42740328,11.96517661,-7.055306011,-6.246408158,-6.143961622,8.10E+01
17.22924509,12.01538321,-6.873478031,-6.330139377,-7.219479958,9.10E+01
17.02977357,12.0641373,-6.670970614,-6.401113038,-8.181863527,7.70E+01
16.82900961,12.11126511,-6.447509849,-6.456350184,-8.985344244,7.00E+01
16.62697775,12.15653153,-6.202267532,-6.490508014,-9.572617448,6.10E+01
16.42370255,12.19973126,-5.934880435,-6.499945671,-9.89860755,4.70E+01
16.21919242,12.24077424,-5.645450282,-6.481203792,-9.944617439,4.10E+01
16.01345774,12.27957682,-5.334329397,-6.43209745,-9.702412335,4.40E+01
15.80651332,12.31608303,-5.002582807,-6.354101013,-9.183674579,5.10E+01
15.59836666,12.35026493,-4.65117786,-6.247221351,-8.407847422,3.50E+01
15.38902555,12.38203871,-4.280382148,-6.107864287,-7.381342223,4.70E+01
15.17849166,12.41137822,-3.890825337,-5.933541059,-6.132342222,5.00E+01
14.96675343,12.43834564,-3.483398868,-5.72175104,-4.714873684,4.40E+01
14.75380856,12.46294167,-3.058952245,-5.469545369,-3.173960448,6.10E+01
14.53967297,12.4850926,-2.618826581,-5.176234474,-1.546974909,5.30E+01
14.32436711,12.50468588,-2.164295621,-4.840051982,0.134083809,5.30E+01
14.10792447,12.52149928,-1.696269181,-4.457009774,1.861075799,7.00E+01
13.89037738,12.53534428,-1.216101339,-4.024612311,3.60642625,6.90E+01
13.6717379,12.5461806,-0.725634716,-3.54163808,5.294212268,6.90E+01
13.45202678,12.55391998,-0.226843819,-3.006934619,6.851248068,7.40E+01
13.23127435,12.55844161,0.277889011,-2.420780785,8.200221654,5.00E+01
13.00950343,12.5596571,0.786421816,-1.783348969,9.269310826,5.40E+01
12.78673945,12.55741442,1.297480258,-1.093291078,10.03629844,4.10E+01
12.56300123,12.55160054,1.809900127,-0.35015349,10.4835589,3.50E+01
12.33828974,12.54220155,2.322792837,0.445673609,10.59367398,4.40E+01
12.11261396,12.52914234,2.835525173,1.293874601,10.37620197,3.50E+01
11.88599892,12.51227045,3.347108836,2.193152932,9.845910903,4.70E+01
11.65846555,12.4914365,3.857061982,3.141983541,9.047064986,4.70E+01
11.4300372,12.46644142,4.365634605,4.139181164,8.073129374,4.40E+01
11.20073609,12.43711231,4.872720198,5.182504969,6.995806469,7.40E+01
10.97056834,12.40339554,5.377783101,6.268511268,5.838020521,5.70E+01
10.73954265,12.36523097,5.88010877,7.393113622,4.614288246,6.60E+01
10.50767331,12.32255832,6.378287863,8.551069111,3.302569567,6.30E+01
10.27496647,12.27535169,6.871311055,9.736412164,1.897491814,4.80E+01
10.0414257,12.22354679,7.359426873,10.94299987,0.474989335,6.00E+01
9.807050159,12.1671182,7.842695958,12.16354533,-0.906406362,4.30E+01
9.571827822,12.10611434,8.321126873,13.38955348,-2.206138271,3.70E+01
9.335754558,12.04052924,8.794760147,14.61286329,-3.371616793,2.90E+01
9.098843789,11.97028278,9.262662906,15.82610001,-4.393429859,1.30E+01
8.86111284,11.89526343,9.723952111,17.02221382,-5.254688159,2.70E+01
8.622589584,11.81527215,10.17806178,18.19525181,-5.904817783,2.30E+01
8.383304782,11.73011546,10.62382485,19.33893824,-6.331540639,3.00E+01
8.143277137,11.63969166,11.05977304,20.44534766,-6.560461849,4.40E+01
7.902536271,11.54384193,11.48399722,21.50737078,-6.635316162,3.00E+01
7.661125336,11.44235381,11.89367251,22.51875206,-6.647066289,3.50E+01
7.41907969,11.33504773,12.28644748,23.47175913,-6.664757723,2.40E+01
7.176429368,11.22173123,12.66117749,24.35727845,-6.680787464,2.10E+01
6.933198893,11.10224318,13.01688768,25.16473631,-6.68371698,2.10E+01
6.689395788,10.97651172,13.35325609,25.88075137,-6.63943925,1.60E+01
6.445036,10.84441159,13.66984763,26.49232358,-6.512991976,2.30E+01
6.200159292,10.70571047,13.96483559,26.98885465,-6.339111628,2.10E+01
5.954800525,10.5601902,14.23686294,27.35837274,-6.127914961,4.00E+01
5.708993921,10.40761295,14.48516243,27.58801292,-5.851218895,6.00E+01
5.462775235,10.24775344,14.70860263,27.66705519,-5.506989061,6.10E+01
5.216163169,10.08050064,14.90648324,27.58650662,-5.087043485,6.40E+01
4.969179737,9.90573959,15.07788024,27.34015404,-4.597666367,5.70E+01
4.721856343,9.723339439,15.22101236,26.92668388,-4.096690825,5.70E+01
4.474213324,9.533226916,15.3347653,26.34509101,-3.612175391,5.00E+01
4.226263783,9.33533819,15.41902908,25.59238885,-3.114006865,4.70E+01
3.978015253,9.129660253,15.4737814,24.66897757,-2.576498617,5.10E+01
3.729460585,8.916276425,15.49956442,23.5780532,-1.956502149,3.00E+01
3.480599252,8.69523077,15.49676944,22.32311783,-1.217901508,2.40E+01
3.231450583,8.466477379,15.46460701,20.90973532,-0.388233467,1.70E+01
2.982034465,8.229963238,15.40242386,19.34356072,0.510008986,1.70E+01
2.73237757,7.985578167,15.30965555,17.62836867,1.463328394,4.10E+01
2.482506073,7.733238588,15.18555659,15.772068,2.439360748,5.10E+01
2.232426653,7.473000737,15.03005974,13.78907956,3.424039976,6.70E+01
1.982152366,7.204891766,14.84284216,11.6954659,4.386795898,5.70E+01
1.731705796,6.92890557,14.62297268,9.510472156,5.259303627,6.30E+01
1.481101241,6.645077311,14.3700594,7.252546446,5.996517569,5.60E+01
1.230353086,6.35340522,14.0842006,4.93314261,6.584585558,5.00E+01
0.9794702,6.053920558,13.76578812,2.563543788,7.01878173,7.00E+01
0.72844561,5.746741567,13.41603552,0.154236609,7.328929974,6.10E+01
0.477278756,5.431941632,13.03603551,-2.286351685,7.538040175,7.70E+01
0.22598351,5.10953015,12.6261047,-4.746953713,7.623348236,9.00E+01
-0.025429867,4.779521206,12.18695232,-7.220081873,7.580551456,8.00E+01
-0.276949084,4.441889928,11.71954447,-9.704480103,7.421189987,9.40E+01
-0.528564038,4.096647572,11.22486515,-12.19332917,7.146168453,8.80E+01
-0.780281117,3.743930394,10.70456475,-14.67141833,6.773775732,6.70E+01
-1.032105862,3.38388527,10.16027051,-17.11958536,6.312160699,6.30E+01
-1.284040811,3.01668068,9.593294843,-19.50940894,5.738803124,3.80E+01
-1.536095645,2.642518926,9.005466416,-21.81382284,5.05199281,2.70E+01
-1.788279898,2.261554912,8.39908055,-24.01725079,4.279684863,2.60E+01
-2.040608064,1.873991782,7.776653752,-26.0989523,3.449000647,3.80E+01
-2.293105448,1.480110384,7.141238486,-28.03361712,2.601828716,2.90E+01
-2.545789998,1.080139591,6.495549761,-29.80151458,1.775062614,4.10E+01
-2.798665543,0.674247866,5.841274079,-31.38345247,0.969947971,4.80E+01
